,,,Jul-25,Aug-25,Sep-25,Oct-25,Nov-25,Dec-25,Jan-26,Feb-26,Mar-26,Apr-26,May-26,Jun-26,Summer Term,Fall Term,Winter Term,Spring Term,Annual,, Lab space ,,,,,,,,,,,,,,,,,,,,,,,,,,,,,,,,,,,,,,,,,,,,,,,,,,,,,,,,,,,,,,,,,,,,,,,,,,,,,,,,,,,,,,,,,,,,,,,,,,,,,,,,,,,,,,,,,,,,,,,,,,,,,,,,,,,,,,,,,,,,,,,,,,,,,,,,,,,,,,,,,
Meter,Description,Building,KWH Used,KWH Used,KWH Used,KWH Used,KWH Used,KWH Used,KWH Used,KWH Used,KWH Used,KWH Used,KWH Used,KWH Used,,,,,,,,,,,,,,,,,,,,,,,,,,,,,,,,,,,,,,,,,,,,,,,,,,,,,,,,,,,,,,,,,,,,,,,,,,,,,,,,,,,,,,,,,,,,,,,,,,,,,,,,,,,,,,,,,,,,,,,,,,,,,,,,,,,,,,,,,,,,,,,,,,,,,,,,,,,,,,,,,,,,,,,,
19733981-001-246,Jefferson Way Main Campus Delivery,4002 - Jefferson Way,"2,789,000","4,239,000","3,638,000","5,000,000","1,882,000","1,691,000","902,000","985,000","1,073,000","827,000","2,193,000","1,376,000","10,666,000","8,573,000","2,960,000","4,396,000","26,595,000",,,,,,,,,,,,,,,,,,,,,,,,,,,,,,,,,,,,,,,,,,,,,,,,,,,,,,,,,,,,,,,,,,,,,,,,,,,,,,,,,,,,,,,,,,,,,,,,,,,,,,,,,,,,,,,,,,,,,,,,,,,,,,,,,,,,,,,,,,,,,,,,,,,,,,,,,,,,,,,,,,,
19733981-001-190,Campus Way East of 30th Ag Science Bldg,0079 - Agricultural & Life Sciences Building,"445,200","426,800","426,800","430,800","421,200","468,800","431,200","414,000","446,800","412,000","420,000","434,800","1,298,800","1,320,800","1,292,000","1,266,800","5,178,400",,,,,,,,,,,,,,,,,,,,,,,,,,,,,,,,,,,,,,,,,,,,,,,,,,,,,,,,,,,,,,,,,,,,,,,,,,,,,,,,,,,,,,,,,,,,,,,,,,,,,,,,,,,,,,,,,,,,,,,,,,,,,,,,,,,,,,,,,,,,,,,,,,,,,,,,,,,,,,,,,,,
153-000-E,MAGRUDER,0153 - Magruder Hall,"366,209","417,270","278,194","258,815","952,282","502,625","227,457","433,365","190,300","275,300","265,400","471,390","1,061,673","1,713,722","851,122","1,012,090","4,638,607",,"32,602,098",,,,,,,,,,,,,,,,,,,,,,,,,,,,,,,,,,,,,,,,,,,,,,,,,,,,,,,,,,,,,,,,,,,,,,,,,,,,,,,,,,,,,,,,,,,,,,,,,,,,,,,,,,,,,,,,,,,,,,,,,,,,,,,,,,,,,,,,,,,,,,,,,,,,,,,,,,,,,,,,,
073-001-E,CORDLEY,0073 - Cordley Hall,"325,270","262,785","264,825","311,799","311,799","135,250","402,282","336,146","374,596","383,057","180,365","142,246","852,880","758,848","1,113,024","705,668","3,430,420",,,,,,,,,,,,,,,,,,,,,,,,,,,,,,,,,,,,,,,,,,,,,,,,,,,,,,,,,,,,,,,,,,,,,,,,,,,,,,,,,,,,,,,,,,,,,,,,,,,,,,,,,,,,,,,,,,,,,,,,,,,,,,,,,,,,,,,,,,,,,,,,,,,,,,,,,,,,,,,,,,,
071-000-E,Linus Pauling Science Center - Building load,0071 - Linus Pauling Science Center,"346,215","273,715","356,985","236,303","236,303","575,440","259,000","292,500","178,600","241,600","250,400","71,778","976,915","1,048,045","730,100","563,778","3,318,839",,,,,,,,,,,,,,,,,,,,,,,,,,,,,,,,,,,,,,,,,,,,,,,,,,,,,,,,,,,,,,,,,,,,,,,,,,,,,,,,,,,,,,,,,,,,,,,,,,,,,,,,,,,,,,,,,,,,,,,,,,,,,,,,,,,,,,,,,,,,,,,,,,,,,,,,,,,,,,,,,,,
19733981-001-191,Waldo Place and Jefferson Way,0036 - The Valley Library,"315,000","327,600","336,000","291,000","227,400","234,600","193,200","189,000","193,200","177,600","205,200","214,800","978,600","753,000","575,400","597,600","2,904,600",,,,,,,,,,,,,,,,,,,,,,,,,,,,,,,,,,,,,,,,,,,,,,,,,,,,,,,,,,,,,,,,,,,,,,,,,,,,,,,,,,,,,,,,,,,,,,,,,,,,,,,,,,,,,,,,,,,,,,,,,,,,,,,,,,,,,,,,,,,,,,,,,,,,,,,,,,,,,,,,,,,
19733981-001-033,General-Envir. Computing LAB,0068 - Burt Hall,"209,920","202,800","212,160","188,880","175,760","191,760","187,840","182,480","192,960","182,320","186,240","194,640","624,880","556,400","563,280","563,200","2,307,760",,,,,,,,,,,,,,,,,,,,,,,,,,,,,,,,,,,,,,,,,,,,,,,,,,,,,,,,,,,,,,,,,,,,,,,,,,,,,,,,,,,,,,,,,,,,,,,,,,,,,,,,,,,,,,,,,,,,,,,,,,,,,,,,,,,,,,,,,,,,,,,,,,,,,,,,,,,,,,,,,,,
153-437-NO,MAGRUDER-NEW,0153 - Magruder Hall,"232,717","237,103","154,734","164,836","168,592","137,217","161,447","308,261","126,400","184,300","175,700","280,461","624,554","470,645","596,108","640,461","2,331,768",,,,,,,,,,,,,,,,,,,,,,,,,,,,,,,,,,,,,,,,,,,,,,,,,,,,,,,,,,,,,,,,,,,,,,,,,,,,,,,,,,,,,,,,,,,,,,,,,,,,,,,,,,,,,,,,,,,,,,,,,,,,,,,,,,,,,,,,,,,,,,,,,,,,,,,,,,,,,,,,,,,
19733981-001-379,SW 26th Ave,0120 - Reser Stadium,"155,700","149,400","165,000","166,500","210,900","207,900","204,000","202,200","199,800","158,100","152,400","144,900","470,100","585,300","606,000","455,400","2,116,800",,,,,,,,,,,,,,,,,,,,,,,,,,,,,,,,,,,,,,,,,,,,,,,,,,,,,,,,,,,,,,,,,,,,,,,,,,,,,,,,,,,,,,,,,,,,,,,,,,,,,,,,,,,,,,,,,,,,,,,,,,,,,,,,,,,,,,,,,,,,,,,,,,,,,,,,,,,,,,,,,,,
19733981-001-109,FERL-Richardson,0148 - Richardson Hall,"238,080","158,640","171,360","190,080","192,480","211,440","145,920","154,800","162,480","139,680","137,040","139,680","568,080","594,000","463,200","416,400","2,041,680",,,,,,,,,,,,,,,,,,,,,,,,,,,,,,,,,,,,,,,,,,,,,,,,,,,,,,,,,,,,,,,,,,,,,,,,,,,,,,,,,,,,,,,,,,,,,,,,,,,,,,,,,,,,,,,,,,,,,,,,,,,,,,,,,,,,,,,,,,,,,,,,,,,,,,,,,,,,,,,,,,,
073-908-NI,CORDLEY,0073 - Cordley Hall,,"182,652","311,799","151,834","151,834","151,834","151,836","255,631","215,402","173,945","136,294","235,060","494,451","455,502","622,869","545,299","2,118,121",,,,,,,,,,,,,,,,,,,,,,,,,,,,,,,,,,,,,,,,,,,,,,,,,,,,,,,,,,,,,,,,,,,,,,,,,,,,,,,,,,,,,,,,,,,,,,,,,,,,,,,,,,,,,,,,,,,,,,,,,,,,,,,,,,,,,,,,,,,,,,,,,,,,,,,,,,,,,,,,,,,
19733981-001-319,2005/05 ReserExpansion,0120 - Reser Stadium,"168,600","153,900","208,200","219,600","220,800","206,700","175,500","165,600","172,800","14,000","153,900","142,500","530,700","647,100","513,900","310,400","2,002,100",,,,,,,,,,,,,,,,,,,,,,,,,,,,,,,,,,,,,,,,,,,,,,,,,,,,,,,,,,,,,,,,,,,,,,,,,,,,,,,,,,,,,,,,,,,,,,,,,,,,,,,,,,,,,,,,,,,,,,,,,,,,,,,,,,,,,,,,,,,,,,,,,,,,,,,,,,,,,,,,,,,
190-McNary-Master,McNary Cmplx-Note A,0190 - McNary Hall,"106,772","115,424","152,580","165,640","153,262","115,194","170,568","213,566","186,142","240,810","164,370","100,714","374,776","434,096","570,276","505,894","1,885,042",,,,,,,,,,,,,,,,,,,,,,,,,,,,,,,,,,,,,,,,,,,,,,,,,,,,,,,,,,,,,,,,,,,,,,,,,,,,,,,,,,,,,,,,,,,,,,,,,,,,,,,,,,,,,,,,,,,,,,,,,,,,,,,,,,,,,,,,,,,,,,,,,,,,,,,,,,,,,,,,,,,
145-DixonMasterReader,Dixon Annex-Master,0145 - Dixon Recreation Center,"168,828","194,166","206,256","135,572","123,278","98,458","170,300","178,638","126,800","161,400","182,500","170,700","569,250","357,308","475,738","514,600","1,916,896",,,,,,,,,,,,,,,,,,,,,,,,,,,,,,,,,,,,,,,,,,,,,,,,,,,,,,,,,,,,,,,,,,,,,,,,,,,,,,,,,,,,,,,,,,,,,,,,,,,,,,,,,,,,,,,,,,,,,,,,,,,,,,,,,,,,,,,,,,,,,,,,,,,,,,,,,,,,,,,,,,,
061-756-NI,Kerr Administration - B side building meter,0061 - Kerr Administration Bldg,"211,200","133,920","190,720","160,560","160,560","132,480","153,920","223,360","112,640","47,840","95,680","60,480","535,840","453,600","489,920","204,000","1,683,360",,,,,,,,,,,,,,,,,,,,,,,,,,,,,,,,,,,,,,,,,,,,,,,,,,,,,,,,,,,,,,,,,,,,,,,,,,,,,,,,,,,,,,,,,,,,,,,,,,,,,,,,,,,,,,,,,,,,,,,,,,,,,,,,,,,,,,,,,,,,,,,,,,,,,,,,,,,,,,,,,,,
207-000-E,INTO Living and Learning Ctr,0207 - International Living Learning Center,"102,701","114,317","129,309","115,982","118,296","98,569","160,655","202,865","116,940","169,661","124,102","89,014","346,327","332,847","480,460","382,777","1,542,411",,,,,,,,,,,,,,,,,,,,,,,,,,,,,,,,,,,,,,,,,,,,,,,,,,,,,,,,,,,,,,,,,,,,,,,,,,,,,,,,,,,,,,,,,,,,,,,,,,,,,,,,,,,,,,,,,,,,,,,,,,,,,,,,,,,,,,,,,,,,,,,,,,,,,,,,,,,,,,,,,,,
008-000-E,Johnson Hall,0008 - Johnson Hall,"130,985","149,173","167,357","119,115","105,013","85,521","141,094","152,152","122,969","168,333","110,977","87,629","447,515","309,649","416,215","366,939","1,540,318",,,,,,,,,,,,,,,,,,,,,,,,,,,,,,,,,,,,,,,,,,,,,,,,,,,,,,,,,,,,,,,,,,,,,,,,,,,,,,,,,,,,,,,,,,,,,,,,,,,,,,,,,,,,,,,,,,,,,,,,,,,,,,,,,,,,,,,,,,,,,,,,,,,,,,,,,,,,,,,,,,,
19733981-001-181,Temp Up & Down Engnrg Center-Kelley,0003 - Kelley Engineering Center,"313,600","275,600","289,200","267,200","203,200",,,,,,,,"878,400","470,400",0,0,"1,348,800",,,,,,,,,,,,,,,,,,,,,,,,,,,,,,,,,,,,,,,,,,,,,,,,,,,,,,,,,,,,,,,,,,,,,,,,,,,,,,,,,,,,,,,,,,,,,,,,,,,,,,,,,,,,,,,,,,,,,,,,,,,,,,,,,,,,,,,,,,,,,,,,,,,,,,,,,,,,,,,,,,,
19733981-001-030,General,0015 - Gilbert Hall,"121,200","124,560","123,840","114,000","114,480","127,920","104,880","114,480","122,400","116,640","116,880","116,880","369,600","356,400","341,760","350,400","1,418,160",,,,,,,,,,,,,,,,,,,,,,,,,,,,,,,,,,,,,,,,,,,,,,,,,,,,,,,,,,,,,,,,,,,,,,,,,,,,,,,,,,,,,,,,,,,,,,,,,,,,,,,,,,,,,,,,,,,,,,,,,,,,,,,,,,,,,,,,,,,,,,,,,,,,,,,,,,,,,,,,,,,
19733981-001-063,General-Pri Mtr Western & Stamm,0545 - Oak Creek Building,"91,000","101,000","100,000","101,000","119,000","131,000","134,000","141,000","142,000","112,000","101,000","109,000","292,000","351,000","417,000","322,000","1,382,000",,,,,,,,,,,,,,,,,,,,,,,,,,,,,,,,,,,,,,,,,,,,,,,,,,,,,,,,,,,,,,,,,,,,,,,,,,,,,,,,,,,,,,,,,,,,,,,,,,,,,,,,,,,,,,,,,,,,,,,,,,,,,,,,,,,,,,,,,,,,,,,,,,,,,,,,,,,,,,,,,,,
19733981-001-305,temp Valley Ftbl Ctr,0143 - Valley Football Center,"134,700","141,000","142,200","120,000","100,200","106,200","97,800","97,800","106,500","88,800","87,000","88,200","417,900","326,400","302,100","264,000","1,310,400",,,,,,,,,,,,,,,,,,,,,,,,,,,,,,,,,,,,,,,,,,,,,,,,,,,,,,,,,,,,,,,,,,,,,,,,,,,,,,,,,,,,,,,,,,,,,,,,,,,,,,,,,,,,,,,,,,,,,,,,,,,,,,,,,,,,,,,,,,,,,,,,,,,,,,,,,,,,,,,,,,,
100-997-LG,Snell Main Master-Note C,0100 - Snell Hall,"140,400","90,000","97,200","101,250","101,250","88,200","108,900","195,300","112,500","100,800","86,400","84,600","327,600","290,700","416,700","271,800","1,306,800",,,,,,,,,,,,,,,,,,,,,,,,,,,,,,,,,,,,,,,,,,,,,,,,,,,,,,,,,,,,,,,,,,,,,,,,,,,,,,,,,,,,,,,,,,,,,,,,,,,,,,,,,,,,,,,,,,,,,,,,,,,,,,,,,,,,,,,,,,,,,,,,,,,,,,,,,,,,,,,,,,,
017-243-NI,WENIGER,0017 - Weniger Hall,"146,000","117,600","148,800","129,000","132,600","110,400","48,400","75,600","95,700","121,700","48,800","196,000","412,400","372,000","219,700","366,500","1,370,600",,,,,,,,,,,,,,,,,,,,,,,,,,,,,,,,,,,,,,,,,,,,,,,,,,,,,,,,,,,,,,,,,,,,,,,,,,,,,,,,,,,,,,,,,,,,,,,,,,,,,,,,,,,,,,,,,,,,,,,,,,,,,,,,,,,,,,,,,,,,,,,,,,,,,,,,,,,,,,,,,,,
202-990-BO,Orchard Ct,0202 - Orchard Court Apartments,"67,200","48,000","76,800","86,400","86,400","43,200","244,800","201,600","105,600","128,000","83,200","264,000","192,000","216,000","552,000","475,200","1,435,200",,,,,,,,,,,,,,,,,,,,,,,,,,,,,,,,,,,,,,,,,,,,,,,,,,,,,,,,,,,,,,,,,,,,,,,,,,,,,,,,,,,,,,,,,,,,,,,,,,,,,,,,,,,,,,,,,,,,,,,,,,,,,,,,,,,,,,,,,,,,,,,,,,,,,,,,,,,,,,,,,,,
121-292-NI,Gill,0121 - Gill Coliseum,"121,200","94,400","96,400","96,400","96,400","81,200","104,400","138,400","115,600","115,600","85,600","31,200","312,000","274,000","358,400","232,400","1,176,800",,,,,,,,,,,,,,,,,,,,,,,,,,,,,,,,,,,,,,,,,,,,,,,,,,,,,,,,,,,,,,,,,,,,,,,,,,,,,,,,,,,,,,,,,,,,,,,,,,,,,,,,,,,,,,,,,,,,,,,,,,,,,,,,,,,,,,,,,,,,,,,,,,,,,,,,,,,,,,,,,,,
193-555-NI,McNary Dining-Note A,0193 - McNary Dining Center,"65,782","73,639","100,734","103,677","93,600","64,397","111,947","140,362","120,574","162,988","103,606","56,684","240,155","261,674","372,883","323,278","1,197,990",,,,,,,,,,,,,,,,,,,,,,,,,,,,,,,,,,,,,,,,,,,,,,,,,,,,,,,,,,,,,,,,,,,,,,,,,,,,,,,,,,,,,,,,,,,,,,,,,,,,,,,,,,,,,,,,,,,,,,,,,,,,,,,,,,,,,,,,,,,,,,,,,,,,,,,,,,,,,,,,,,,
19733981-001-375,Nypro Building-4700 SW Research Way,0519 - Nypro Building,"120,300","119,700","112,800","102,600","86,100","96,900","90,000","88,800","90,000","81,000","81,600","87,000","352,800","285,600","268,800","249,600","1,156,800",,,,,,,,,,,,,,,,,,,,,,,,,,,,,,,,,,,,,,,,,,,,,,,,,,,,,,,,,,,,,,,,,,,,,,,,,,,,,,,,,,,,,,,,,,,,,,,,,,,,,,,,,,,,,,,,,,,,,,,,,,,,,,,,,,,,,,,,,,,,,,,,,,,,,,,,,,,,,,,,,,,
19733981-001-141,15th & Monroe-Engin. Bldg,0022 - Owen Hall,"114,720","106,800","107,600","90,720","83,600","91,600","81,600","77,760","83,280","80,160","90,720","100,400","329,120","265,920","242,640","271,280","1,108,960",,,,,,,,,,,,,,,,,,,,,,,,,,,,,,,,,,,,,,,,,,,,,,,,,,,,,,,,,,,,,,,,,,,,,,,,,,,,,,,,,,,,,,,,,,,,,,,,,,,,,,,,,,,,,,,,,,,,,,,,,,,,,,,,,,,,,,,,,,,,,,,,,,,,,,,,,,,,,,,,,,,
19733981-001-404,1045 SW Madison Ave Corvallis OR,0281 - 11th and Madison Student Housing,"59,600","54,560","59,040","76,800","90,240","96,400","97,440","97,440","87,920","75,840","76,960","77,360","173,200","263,440","282,800","230,160","949,600",,,,,,,,,,,,,,,,,,,,,,,,,,,,,,,,,,,,,,,,,,,,,,,,,,,,,,,,,,,,,,,,,,,,,,,,,,,,,,,,,,,,,,,,,,,,,,,,,,,,,,,,,,,,,,,,,,,,,,,,,,,,,,,,,,,,,,,,,,,,,,,,,,,,,,,,,,,,,,,,,,,
19733981-001-368,155 NW Kings Blvd,0199 - The Gem,"103,200","93,360","98,880","91,440","73,680","71,760","63,360","69,600","64,560","60,480","71,520","126,960","295,440","236,880","197,520","258,960","988,800",,,,,,,,,,,,,,,,,,,,,,,,,,,,,,,,,,,,,,,,,,,,,,,,,,,,,,,,,,,,,,,,,,,,,,,,,,,,,,,,,,,,,,,,,,,,,,,,,,,,,,,,,,,,,,,,,,,,,,,,,,,,,,,,,,,,,,,,,,,,,,,,,,,,,,,,,,,,,,,,,,,
19733981-001-187,Parking Garage,0205 - Parking Garage,"93,000","84,600","74,400","73,200","70,500","77,100","79,500","78,000","73,500","68,100","73,500","77,100","252,000","220,800","231,000","218,700","922,500",,,,,,,,,,,,,,,,,,,,,,,,,,,,,,,,,,,,,,,,,,,,,,,,,,,,,,,,,,,,,,,,,,,,,,,,,,,,,,,,,,,,,,,,,,,,,,,,,,,,,,,,,,,,,,,,,,,,,,,,,,,,,,,,,,,,,,,,,,,,,,,,,,,,,,,,,,,,,,,,,,,
011-957-NI,DEARBORN,0011 - Dearborn Hall,"106,800","66,600","79,800","75,600","75,600","36,600","96,600","90,000","89,400","49,200","74,400","78,600","253,200","187,800","276,000","202,200","919,200",,,,,,,,,,,,,,,,,,,,,,,,,,,,,,,,,,,,,,,,,,,,,,,,,,,,,,,,,,,,,,,,,,,,,,,,,,,,,,,,,,,,,,,,,,,,,,,,,,,,,,,,,,,,,,,,,,,,,,,,,,,,,,,,,,,,,,,,,,,,,,,,,,,,,,,,,,,,,,,,,,,
083-010-E,MU West Wing,0083 - Memorial Union Building,"78,000","81,000","92,000","68,000","63,000","46,000","74,000","95,144","64,856","105,077","72,013","53,740","251,000","177,000","234,000","230,830","892,830",,,,,,,,,,,,,,,,,,,,,,,,,,,,,,,,,,,,,,,,,,,,,,,,,,,,,,,,,,,,,,,,,,,,,,,,,,,,,,,,,,,,,,,,,,,,,,,,,,,,,,,,,,,,,,,,,,,,,,,,,,,,,,,,,,,,,,,,,,,,,,,,,,,,,,,,,,,,,,,,,,,
039-001-E,Student Experience Center,0039 - Student Experience Center,"79,000","96,000","106,000","66,000","68,000","60,000","73,000","83,598","58,402","84,920","64,093","50,235","281,000","194,000","215,000","199,248","889,248",,,,,,,,,,,,,,,,,,,,,,,,,,,,,,,,,,,,,,,,,,,,,,,,,,,,,,,,,,,,,,,,,,,,,,,,,,,,,,,,,,,,,,,,,,,,,,,,,,,,,,,,,,,,,,,,,,,,,,,,,,,,,,,,,,,,,,,,,,,,,,,,,,,,,,,,,,,,,,,,,,,
19733981-001-322,4575 SW Research Way,0520 - Research Way Laboratory,"74,400","73,600","90,880","71,200","73,440","82,080","79,200","76,640","81,600","67,520","63,680","63,040","238,880","226,720","237,440","194,240","897,280",,,,,,,,,,,,,,,,,,,,,,,,,,,,,,,,,,,,,,,,,,,,,,,,,,,,,,,,,,,,,,,,,,,,,,,,,,,,,,,,,,,,,,,,,,,,,,,,,,,,,,,,,,,,,,,,,,,,,,,,,,,,,,,,,,,,,,,,,,,,,,,,,,,,,,,,,,,,,,,,,,,
259-960-NO,LAB ANI. RC,0259 - Lab Animal Resources Center,"83,680","99,840","66,880","58,720","61,120","48,000","64,800","95,040","56,400","6,080","162,560","50,560","250,400","167,840","216,240","219,200","853,680",,,,,,,,,,,,,,,,,,,,,,,,,,,,,,,,,,,,,,,,,,,,,,,,,,,,,,,,,,,,,,,,,,,,,,,,,,,,,,,,,,,,,,,,,,,,,,,,,,,,,,,,,,,,,,,,,,,,,,,,,,,,,,,,,,,,,,,,,,,,,,,,,,,,,,,,,,,,,,,,,,,
128-492-NI,Wiegand,0128 - Wiegand Hall,"88,800","75,040","100,160","69,920","70,080","54,880","62,080","84,960","76,960","44,640","70,500","82,400","264,000","194,880","224,000","197,540","880,420",,,,,,,,,,,,,,,,,,,,,,,,,,,,,,,,,,,,,,,,,,,,,,,,,,,,,,,,,,,,,,,,,,,,,,,,,,,,,,,,,,,,,,,,,,,,,,,,,,,,,,,,,,,,,,,,,,,,,,,,,,,,,,,,,,,,,,,,,,,,,,,,,,,,,,,,,,,,,,,,,,,
021-631-NI,NASH,0021 - Nash Hall,"65,550","72,020","83,211","62,219","57,897","46,225","81,024","86,514","69,458","95,590","63,768","49,063","220,781","166,341","236,996","208,421","832,539",,,,,,,,,,,,,,,,,,,,,,,,,,,,,,,,,,,,,,,,,,,,,,,,,,,,,,,,,,,,,,,,,,,,,,,,,,,,,,,,,,,,,,,,,,,,,,,,,,,,,,,,,,,,,,,,,,,,,,,,,,,,,,,,,,,,,,,,,,,,,,,,,,,,,,,,,,,,,,,,,,,
017-163-NI,WENIGER,0017 - Weniger Hall,"87,600","70,200","89,400","65,400","65,400","49,200","57,600","87,600","72,000","60,000","48,600","80,400","247,200","180,000","217,200","189,000","833,400",,,,,,,,,,,,,,,,,,,,,,,,,,,,,,,,,,,,,,,,,,,,,,,,,,,,,,,,,,,,,,,,,,,,,,,,,,,,,,,,,,,,,,,,,,,,,,,,,,,,,,,,,,,,,,,,,,,,,,,,,,,,,,,,,,,,,,,,,,,,,,,,,,,,,,,,,,,,,,,,,,,
070-854-NI,WILKINSON,0070 - Wilkinson Hall/ Gilfillan Auditorium,"65,600","67,200","55,600","59,400","59,400","51,600","71,200","99,600","70,400","58,000","78,800","44,000","188,400","170,400","241,200","180,800","780,800",,,,,,,,,,,,,,,,,,,,,,,,,,,,,,,,,,,,,,,,,,,,,,,,,,,,,,,,,,,,,,,,,,,,,,,,,,,,,,,,,,,,,,,,,,,,,,,,,,,,,,,,,,,,,,,,,,,,,,,,,,,,,,,,,,,,,,,,,,,,,,,,,,,,,,,,,,,,,,,,,,,
098-727-BO,Rad Ctr,0098 - Radiation Center,"84,300","82,800","78,300","59,700","65,400","38,700","50,100","90,800","28,000","70,700","57,400","52,900","245,400","163,800","168,900","181,000","759,100",,,,,,,,,,,,,,,,,,,,,,,,,,,,,,,,,,,,,,,,,,,,,,,,,,,,,,,,,,,,,,,,,,,,,,,,,,,,,,,,,,,,,,,,,,,,,,,,,,,,,,,,,,,,,,,,,,,,,,,,,,,,,,,,,,,,,,,,,,,,,,,,,,,,,,,,,,,,,,,,,,,
109-848-BI,Weatherford,0109 - Weatherford Hall,"46,900","51,460","50,846","63,951","72,176","32,225","78,292","80,816","78,604","48,019","78,926","52,082","149,206","168,352","237,712","179,027","734,297",,,,,,,,,,,,,,,,,,,,,,,,,,,,,,,,,,,,,,,,,,,,,,,,,,,,,,,,,,,,,,,,,,,,,,,,,,,,,,,,,,,,,,,,,,,,,,,,,,,,,,,,,,,,,,,,,,,,,,,,,,,,,,,,,,,,,,,,,,,,,,,,,,,,,,,,,,,,,,,,,,,
115-527-BI,West Hall-100%,0115 - West Hall,"55,800","63,000","64,440","85,680","55,440","43,080","61,680","55,600","46,000","58,500","63,700","49,320","183,240","184,200","163,280","171,520","702,240",,,,,,,,,,,,,,,,,,,,,,,,,,,,,,,,,,,,,,,,,,,,,,,,,,,,,,,,,,,,,,,,,,,,,,,,,,,,,,,,,,,,,,,,,,,,,,,,,,,,,,,,,,,,,,,,,,,,,,,,,,,,,,,,,,,,,,,,,,,,,,,,,,,,,,,,,,,,,,,,,,,
083-000-CALC,Bookstore-Parking Garage,0205 - Parking Garage,"107,104","66,640","54,129","50,537","50,537","23,198","76,306","62,983","57,430","48,089","44,399","69,818","227,873","124,273","196,719","162,305","711,170",,,,,,,,,,,,,,,,,,,,,,,,,,,,,,,,,,,,,,,,,,,,,,,,,,,,,,,,,,,,,,,,,,,,,,,,,,,,,,,,,,,,,,,,,,,,,,,,,,,,,,,,,,,,,,,,,,,,,,,,,,,,,,,,,,,,,,,,,,,,,,,,,,,,,,,,,,,,,,,,,,,
19733981-001-088,Cascade Hall,0058 - Cascade Hall,"60,900","59,700","58,500","61,200","56,100","64,200","61,200","56,100","54,900","52,800","54,000","58,200","179,100","181,500","172,200","165,000","697,800",,,,,,,,,,,,,,,,,,,,,,,,,,,,,,,,,,,,,,,,,,,,,,,,,,,,,,,,,,,,,,,,,,,,,,,,,,,,,,,,,,,,,,,,,,,,,,,,,,,,,,,,,,,,,,,,,,,,,,,,,,,,,,,,,,,,,,,,,,,,,,,,,,,,,,,,,,,,,,,,,,,
19733981-001-282,University Plaza,2012 - University Plaza,"59,800","60,600","58,000","54,000","53,400","60,800","59,400","59,400","57,400","51,600","51,200","51,400","178,400","168,200","176,200","154,200","677,000",,,,,,,,,,,,,,,,,,,,,,,,,,,,,,,,,,,,,,,,,,,,,,,,,,,,,,,,,,,,,,,,,,,,,,,,,,,,,,,,,,,,,,,,,,,,,,,,,,,,,,,,,,,,,,,,,,,,,,,,,,,,,,,,,,,,,,,,,,,,,,,,,,,,,,,,,,,,,,,,,,,
139-MAIN-CH,W Green Main-Note G,0139 - West Greenhouse (W6&7),"60,361","44,641","65,522","52,824","53,400","42,925","59,487","76,499","68,060","37,673","52,500","51,385","170,524","149,150","204,046","141,558","665,278",,,,,,,,,,,,,,,,,,,,,,,,,,,,,,,,,,,,,,,,,,,,,,,,,,,,,,,,,,,,,,,,,,,,,,,,,,,,,,,,,,,,,,,,,,,,,,,,,,,,,,,,,,,,,,,,,,,,,,,,,,,,,,,,,,,,,,,,,,,,,,,,,,,,,,,,,,,,,,,,,,,
034-937-NI,KIDDER,0034 - Kidder Hall,"102,600","67,200","78,600","45,900","45,900","20,400","53,400","38,700","56,400","30,600","51,300","85,500","248,400","112,200","148,500","167,400","676,500",,,,,,,,,,,,,,,,,,,,,,,,,,,,,,,,,,,,,,,,,,,,,,,,,,,,,,,,,,,,,,,,,,,,,,,,,,,,,,,,,,,,,,,,,,,,,,,,,,,,,,,,,,,,,,,,,,,,,,,,,,,,,,,,,,,,,,,,,,,,,,,,,,,,,,,,,,,,,,,,,,,
030-996-LG,PHARMACY,0030 - Pharmacy,"94,800","63,120","71,280","49,020","49,020","21,360","55,080","49,440","51,240","31,080","55,440","71,040","229,200","119,400","155,760","157,560","661,920",,,,,,,,,,,,,,,,,,,,,,,,,,,,,,,,,,,,,,,,,,,,,,,,,,,,,,,,,,,,,,,,,,,,,,,,,,,,,,,,,,,,,,,,,,,,,,,,,,,,,,,,,,,,,,,,,,,,,,,,,,,,,,,,,,,,,,,,,,,,,,,,,,,,,,,,,,,,,,,,,,,
189-001-E,Tebeau Hall,0189 - Tebeau Hall,"39,723","42,637","53,557","50,475","49,154","37,074","61,759","79,240","57,338","71,474","48,175","27,528","135,917","136,703","198,337","147,177","618,134",,,,,,,,,,,,,,,,,,,,,,,,,,,,,,,,,,,,,,,,,,,,,,,,,,,,,,,,,,,,,,,,,,,,,,,,,,,,,,,,,,,,,,,,,,,,,,,,,,,,,,,,,,,,,,,,,,,,,,,,,,,,,,,,,,,,,,,,,,,,,,,,,,,,,,,,,,,,,,,,,,,
19733981-001-377,GRAF,0006 - Graf Hall,"59,360","53,520","55,280","42,320","42,400","52,320","53,600","60,480","55,040","52,160","52,480","59,680","168,160","137,040","169,120","164,320","638,640",,,,,,,,,,,,,,,,,,,,,,,,,,,,,,,,,,,,,,,,,,,,,,,,,,,,,,,,,,,,,,,,,,,,,,,,,,,,,,,,,,,,,,,,,,,,,,,,,,,,,,,,,,,,,,,,,,,,,,,,,,,,,,,,,,,,,,,,,,,,,,,,,,,,,,,,,,,,,,,,,,,
19733981-001-381,700 SW 26TH St Corvallis OR,0120 - Reser Stadium,"44,000","41,240","41,600","48,720","53,400","64,040","64,560","59,880","58,240","49,480","43,080","46,080","126,840","166,160","182,680","138,640","614,320",,,,,,,,,,,,,,,,,,,,,,,,,,,,,,,,,,,,,,,,,,,,,,,,,,,,,,,,,,,,,,,,,,,,,,,,,,,,,,,,,,,,,,,,,,,,,,,,,,,,,,,,,,,,,,,,,,,,,,,,,,,,,,,,,,,,,,,,,,,,,,,,,,,,,,,,,,,,,,,,,,,
156-000-E,Sports Performance Center,0156 - P. Wayne Valley Sports Performance Center,"49,300","54,800","57,300","42,200","49,700","54,100","61,900","52,500","45,700","51,700","46,600","36,200","161,400","146,000","160,100","134,500","602,000",,,,,,,,,,,,,,,,,,,,,,,,,,,,,,,,,,,,,,,,,,,,,,,,,,,,,,,,,,,,,,,,,,,,,,,,,,,,,,,,,,,,,,,,,,,,,,,,,,,,,,,,,,,,,,,,,,,,,,,,,,,,,,,,,,,,,,,,,,,,,,,,,,,,,,,,,,,,,,,,,,,
019-180-NI,ROGERS,0019 - Rogers Hall,"78,080","50,400","53,760","48,400","48,400","21,760","57,280","54,240","56,320","29,120","59,040","32,000","182,240","118,560","167,840","120,160","588,800",,,,,,,,,,,,,,,,,,,,,,,,,,,,,,,,,,,,,,,,,,,,,,,,,,,,,,,,,,,,,,,,,,,,,,,,,,,,,,,,,,,,,,,,,,,,,,,,,,,,,,,,,,,,,,,,,,,,,,,,,,,,,,,,,,,,,,,,,,,,,,,,,,,,,,,,,,,,,,,,,,,
061-994-LG,Kerr Administration - A side building meter,0061 - Kerr Administration Bldg,"72,600","61,800","79,200","41,400","41,400","29,100","35,400","62,700","42,000","41,100","39,900","42,600","213,600","111,900","140,100","123,600","589,200",,,,,,,,,,,,,,,,,,,,,,,,,,,,,,,,,,,,,,,,,,,,,,,,,,,,,,,,,,,,,,,,,,,,,,,,,,,,,,,,,,,,,,,,,,,,,,,,,,,,,,,,,,,,,,,,,,,,,,,,,,,,,,,,,,,,,,,,,,,,,,,,,,,,,,,,,,,,,,,,,,,
090-001-E,Austin Hall,0090 - Austin Hall,"82,000","39,000","40,000","57,600","43,300","32,700","47,600","41,830","44,019","29,204","56,722","55,283","161,000","133,600","133,449","141,209","569,258",,,,,,,,,,,,,,,,,,,,,,,,,,,,,,,,,,,,,,,,,,,,,,,,,,,,,,,,,,,,,,,,,,,,,,,,,,,,,,,,,,,,,,,,,,,,,,,,,,,,,,,,,,,,,,,,,,,,,,,,,,,,,,,,,,,,,,,,,,,,,,,,,,,,,,,,,,,,,,,,,,,
080-067-NO,Crop Science,0080 - Crop Science Building,0,"54,400","68,900","59,900","44,300","38,700","53,700","54,400","37,200","49,600","46,400","56,300","123,300","142,900","145,300","152,300","563,800",,,,,,,,,,,,,,,,,,,,,,,,,,,,,,,,,,,,,,,,,,,,,,,,,,,,,,,,,,,,,,,,,,,,,,,,,,,,,,,,,,,,,,,,,,,,,,,,,,,,,,,,,,,,,,,,,,,,,,,,,,,,,,,,,,,,,,,,,,,,,,,,,,,,,,,,,,,,,,,,,,,
012-519-NI,GILBERT ,0012 - Gilbert Addition,"61,920","39,840","48,000","43,520","43,520","20,640","57,280","48,000","50,560","27,680","41,440","44,640","149,760","107,680","155,840","113,760","527,040",,,,,,,,,,,,,,,,,,,,,,,,,,,,,,,,,,,,,,,,,,,,,,,,,,,,,,,,,,,,,,,,,,,,,,,,,,,,,,,,,,,,,,,,,,,,,,,,,,,,,,,,,,,,,,,,,,,,,,,,,,,,,,,,,,,,,,,,,,,,,,,,,,,,,,,,,,,,,,,,,,,
197-167-BI,Arnold,0197 - Arnold Dining Center,"44,693","44,656","53,235","30,880","36,513","25,818","41,629","46,780","36,678","54,624","46,946","23,163","142,584","93,211","125,087","124,733","485,615",,,,,,,,,,,,,,,,,,,,,,,,,,,,,,,,,,,,,,,,,,,,,,,,,,,,,,,,,,,,,,,,,,,,,,,,,,,,,,,,,,,,,,,,,,,,,,,,,,,,,,,,,,,,,,,,,,,,,,,,,,,,,,,,,,,,,,,,,,,,,,,,,,,,,,,,,,,,,,,,,,,
19733981-001-350,4100 SW Research Way,0537 - Gymnastics Practice Facility,"46,800","42,640","44,240","43,520","41,200","44,720","41,760","41,120","40,320","37,040","37,200","36,880","133,680","129,440","123,200","111,120","497,440",,,,,,,,,,,,,,,,,,,,,,,,,,,,,,,,,,,,,,,,,,,,,,,,,,,,,,,,,,,,,,,,,,,,,,,,,,,,,,,,,,,,,,,,,,,,,,,,,,,,,,,,,,,,,,,,,,,,,,,,,,,,,,,,,,,,,,,,,,,,,,,,,,,,,,,,,,,,,,,,,,,
081-Milam,MILAM,0081 - Milam Hall,"40,000","42,000","50,000","36,000","32,000","26,000","45,000","47,556","40,444","55,470","36,886","30,763","132,000","94,000","133,000","123,119","482,119",,,,,,,,,,,,,,,,,,,,,,,,,,,,,,,,,,,,,,,,,,,,,,,,,,,,,,,,,,,,,,,,,,,,,,,,,,,,,,,,,,,,,,,,,,,,,,,,,,,,,,,,,,,,,,,,,,,,,,,,,,,,,,,,,,,,,,,,,,,,,,,,,,,,,,,,,,,,,,,,,,,
139-562-NO,WEST XFORM.,0139 - West Greenhouse (W6&7),"38,160","30,000","51,600","39,120","37,200","30,000","37,680","57,840","52,560","29,280","41,040","38,640","119,760","106,320","148,080","108,960","483,120",,,,,,,,,,,,,,,,,,,,,,,,,,,,,,,,,,,,,,,,,,,,,,,,,,,,,,,,,,,,,,,,,,,,,,,,,,,,,,,,,,,,,,,,,,,,,,,,,,,,,,,,,,,,,,,,,,,,,,,,,,,,,,,,,,,,,,,,,,,,,,,,,,,,,,,,,,,,,,,,,,,
19733981-001-076,General-26th & Western,0200 - LaSells Stewart Center ,"33,600","42,560","32,480","30,560","35,840","46,560","51,040","49,760","46,560","32,160","34,080","30,560","108,640","112,960","147,360","96,800","465,760",,,,,,,,,,,,,,,,,,,,,,,,,,,,,,,,,,,,,,,,,,,,,,,,,,,,,,,,,,,,,,,,,,,,,,,,,,,,,,,,,,,,,,,,,,,,,,,,,,,,,,,,,,,,,,,,,,,,,,,,,,,,,,,,,,,,,,,,,,,,,,,,,,,,,,,,,,,,,,,,,,,
111-000-BI,Buxton,0111 - Buxton Hall,"28,634","30,980","42,745","40,733","37,628","29,042","39,930","58,128","37,451","53,365","36,361","26,478","102,359","107,403","135,509","116,204","461,475",,,,,,,,,,,,,,,,,,,,,,,,,,,,,,,,,,,,,,,,,,,,,,,,,,,,,,,,,,,,,,,,,,,,,,,,,,,,,,,,,,,,,,,,,,,,,,,,,,,,,,,,,,,,,,,,,,,,,,,,,,,,,,,,,,,,,,,,,,,,,,,,,,,,,,,,,,,,,,,,,,,
19733981-001-382,SW 26th Ave Corvallis OR Scoreboard,0120 - Reser Stadium,"35,600","33,440","38,720","39,520","44,080","49,360","42,400","48,400","46,000","20,800","35,280","35,760","107,760","132,960","136,800","91,840","469,360",,,,,,,,,,,,,,,,,,,,,,,,,,,,,,,,,,,,,,,,,,,,,,,,,,,,,,,,,,,,,,,,,,,,,,,,,,,,,,,,,,,,,,,,,,,,,,,,,,,,,,,,,,,,,,,,,,,,,,,,,,,,,,,,,,,,,,,,,,,,,,,,,,,,,,,,,,,,,,,,,,,
196-190-BI,Finley,0196 - Finley Hall,"18,796","19,435","32,991","38,198","36,582","30,929","45,368","65,989","40,855","57,658","36,503","20,667","71,222","105,709","152,212","114,828","443,971",,,,,,,,,,,,,,,,,,,,,,,,,,,,,,,,,,,,,,,,,,,,,,,,,,,,,,,,,,,,,,,,,,,,,,,,,,,,,,,,,,,,,,,,,,,,,,,,,,,,,,,,,,,,,,,,,,,,,,,,,,,,,,,,,,,,,,,,,,,,,,,,,,,,,,,,,,,,,,,,,,,
105-995-LG,LANGTON,0105 - Langton Hall,"44,000","33,920","31,360","33,520","33,520","27,520","34,560","62,880","37,600","38,900","37,900","15,840","109,280","94,560","135,040","92,640","431,520",,,,,,,,,,,,,,,,,,,,,,,,,,,,,,,,,,,,,,,,,,,,,,,,,,,,,,,,,,,,,,,,,,,,,,,,,,,,,,,,,,,,,,,,,,,,,,,,,,,,,,,,,,,,,,,,,,,,,,,,,,,,,,,,,,,,,,,,,,,,,,,,,,,,,,,,,,,,,,,,,,,
096-623-BIR,Sackett,0096 - Sackett Hall,"30,000","30,000","38,000","36,000","33,000","27,000","36,000","49,731","37,269","51,230","35,242","24,176","98,000","96,000","123,000","110,648","427,648",,,,,,,,,,,,,,,,,,,,,,,,,,,,,,,,,,,,,,,,,,,,,,,,,,,,,,,,,,,,,,,,,,,,,,,,,,,,,,,,,,,,,,,,,,,,,,,,,,,,,,,,,,,,,,,,,,,,,,,,,,,,,,,,,,,,,,,,,,,,,,,,,,,,,,,,,,,,,,,,,,,
020-003-NI,MILNE CC,0020 - Milne Computer Center,"25,502","29,302","48,500","41,070","39,400","36,800","49,600","31,991","34,400","37,235","28,336","20,976","103,304","117,270","115,991","86,547","423,112",,,,,,,,,,,,,,,,,,,,,,,,,,,,,,,,,,,,,,,,,,,,,,,,,,,,,,,,,,,,,,,,,,,,,,,,,,,,,,,,,,,,,,,,,,,,,,,,,,,,,,,,,,,,,,,,,,,,,,,,,,,,,,,,,,,,,,,,,,,,,,,,,,,,,,,,,,,,,,,,,,,
198-413-BI,Bloss,0198 - Bloss Hall,"21,582","18,628","32,000","43,400","37,600","32,600","47,700","44,800","34,000","40,120","45,100","32,300","72,210","113,600","126,500","117,520","429,830",,,,,,,,,,,,,,,,,,,,,,,,,,,,,,,,,,,,,,,,,,,,,,,,,,,,,,,,,,,,,,,,,,,,,,,,,,,,,,,,,,,,,,,,,,,,,,,,,,,,,,,,,,,,,,,,,,,,,,,,,,,,,,,,,,,,,,,,,,,,,,,,,,,,,,,,,,,,,,,,,,,
19733981-001-147,Halsell Hall,0204 - Carrie Halsell Residence Hall,"36,640","26,480","25,760","37,520","40,560","42,560","32,960","40,480","42,240","35,040","36,480","37,840","88,880","120,640","115,680","109,360","434,560",,,,,,,,,,,,,,,,,,,,,,,,,,,,,,,,,,,,,,,,,,,,,,,,,,,,,,,,,,,,,,,,,,,,,,,,,,,,,,,,,,,,,,,,,,,,,,,,,,,,,,,,,,,,,,,,,,,,,,,,,,,,,,,,,,,,,,,,,,,,,,,,,,,,,,,,,,,,,,,,,,,
038-751-NI,STRAND AG.,0038 - Strand Agricultural Hall,"55,430","36,186","28,538","34,920","34,920","16,142","42,335","39,243","39,790","23,543","39,083","32,178","120,154","85,982","121,368","94,804","422,308",,,,,,,,,,,,,,,,,,,,,,,,,,,,,,,,,,,,,,,,,,,,,,,,,,,,,,,,,,,,,,,,,,,,,,,,,,,,,,,,,,,,,,,,,,,,,,,,,,,,,,,,,,,,,,,,,,,,,,,,,,,,,,,,,,,,,,,,,,,,,,,,,,,,,,,,,,,,,,,,,,,
19733981-001-209,Dryden Hall,0151 - Dryden Hall,"38,480","40,080","38,560","33,600","31,360","33,360","31,760","30,880","33,040","30,800","32,800","33,360","117,120","98,320","95,680","96,960","408,080",,,,,,,,,,,,,,,,,,,,,,,,,,,,,,,,,,,,,,,,,,,,,,,,,,,,,,,,,,,,,,,,,,,,,,,,,,,,,,,,,,,,,,,,,,,,,,,,,,,,,,,,,,,,,,,,,,,,,,,,,,,,,,,,,,,,,,,,,,,,,,,,,,,,,,,,,,,,,,,,,,,
007-876-NI,COVELL,0007 - Covell Hall,"23,760","24,560","45,360","61,680","67,840","11,760","29,200","24,400","30,320","24,000","26,000","22,300","93,680","141,280","83,920","72,300","391,180",,,,,,,,,,,,,,,,,,,,,,,,,,,,,,,,,,,,,,,,,,,,,,,,,,,,,,,,,,,,,,,,,,,,,,,,,,,,,,,,,,,,,,,,,,,,,,,,,,,,,,,,,,,,,,,,,,,,,,,,,,,,,,,,,,,,,,,,,,,,,,,,,,,,,,,,,,,,,,,,,,,
19733981-001-090,West Hall,0115 - West Hall,"31,280","26,560","25,520","32,800","36,240","38,000","31,120","35,120","36,880","30,800","32,560","33,920","83,360","107,040","103,120","97,280","390,800",,,,,,,,,,,,,,,,,,,,,,,,,,,,,,,,,,,,,,,,,,,,,,,,,,,,,,,,,,,,,,,,,,,,,,,,,,,,,,,,,,,,,,,,,,,,,,,,,,,,,,,,,,,,,,,,,,,,,,,,,,,,,,,,,,,,,,,,,,,,,,,,,,,,,,,,,,,,,,,,,,,
19733981-001-036,Sinnhuber Aquatic Research Lab,0491 - Sinnhuber Aquatic Rerearch Lab ,"39,960","39,240","37,600","32,200","31,440","36,120","33,960","32,040","25,720","22,920","22,800","25,360","116,800","99,760","91,720","71,080","379,360",,,,,,,,,,,,,,,,,,,,,,,,,,,,,,,,,,,,,,,,,,,,,,,,,,,,,,,,,,,,,,,,,,,,,,,,,,,,,,,,,,,,,,,,,,,,,,,,,,,,,,,,,,,,,,,,,,,,,,,,,,,,,,,,,,,,,,,,,,,,,,,,,,,,,,,,,,,,,,,,,,,
068-938-LG,Burt Dock,0068 - Burt Hall,"34,080","33,600","28,080","28,320","28,320","24,960","24,960","40,800","31,440","26,640","35,280","18,240","95,760","81,600","97,200","80,160","354,720",,,,,,,,,,,,,,,,,,,,,,,,,,,,,,,,,,,,,,,,,,,,,,,,,,,,,,,,,,,,,,,,,,,,,,,,,,,,,,,,,,,,,,,,,,,,,,,,,,,,,,,,,,,,,,,,,,,,,,,,,,,,,,,,,,,,,,,,,,,,,,,,,,,,,,,,,,,,,,,,,,,
086-461-NI,WOMENS BD,0086 - Womens Building,"37,440","26,880","31,440","31,320","31,320","14,880","41,280","34,800","34,320","19,920","32,640",720,"95,760","77,520","110,400","53,280","336,960",,,,,,,,,,,,,,,,,,,,,,,,,,,,,,,,,,,,,,,,,,,,,,,,,,,,,,,,,,,,,,,,,,,,,,,,,,,,,,,,,,,,,,,,,,,,,,,,,,,,,,,,,,,,,,,,,,,,,,,,,,,,,,,,,,,,,,,,,,,,,,,,,,,,,,,,,,,,,,,,,,,
19733981-001-380,850 SW 26TH St Corvallis OR,0218 - Health Center,"31,360","31,440","30,240","30,240","29,120","32,480","31,040","29,520","30,000","27,280","27,680","28,640","93,040","91,840","90,560","83,600","359,040",,,,,,,,,,,,,,,,,,,,,,,,,,,,,,,,,,,,,,,,,,,,,,,,,,,,,,,,,,,,,,,,,,,,,,,,,,,,,,,,,,,,,,,,,,,,,,,,,,,,,,,,,,,,,,,,,,,,,,,,,,,,,,,,,,,,,,,,,,,,,,,,,,,,,,,,,,,,,,,,,,,
141-000-NI,Goss Stadium,0108 - Goss Stadium ,"15,800","36,700","36,500","32,100","24,120","18,600","30,000","30,700","31,800","34,900","22,200","39,300","89,000","74,820","92,500","96,400","352,720",,,,,,,,,,,,,,,,,,,,,,,,,,,,,,,,,,,,,,,,,,,,,,,,,,,,,,,,,,,,,,,,,,,,,,,,,,,,,,,,,,,,,,,,,,,,,,,,,,,,,,,,,,,,,,,,,,,,,,,,,,,,,,,,,,,,,,,,,,,,,,,,,,,,,,,,,,,,,,,,,,,
119-000-BI,Hawley,0119 - Hawley Hall,"16,064","17,085","29,145","33,711","32,802","20,853","26,882","39,535","25,185","37,372","25,527","16,783","62,294","87,366","91,602","79,682","320,944",,,,,,,,,,,,,,,,,,,,,,,,,,,,,,,,,,,,,,,,,,,,,,,,,,,,,,,,,,,,,,,,,,,,,,,,,,,,,,,,,,,,,,,,,,,,,,,,,,,,,,,,,,,,,,,,,,,,,,,,,,,,,,,,,,,,,,,,,,,,,,,,,,,,,,,,,,,,,,,,,,,
083-009-E,MU East Wing,0083 - Memorial Union Building,"23,000","27,000","30,000","24,000","23,000","15,000","27,000","34,970","24,030","36,356","24,294","17,415","80,000","62,000","86,000","78,065","306,065",,,,,,,,,,,,,,,,,,,,,,,,,,,,,,,,,,,,,,,,,,,,,,,,,,,,,,,,,,,,,,,,,,,,,,,,,,,,,,,,,,,,,,,,,,,,,,,,,,,,,,,,,,,,,,,,,,,,,,,,,,,,,,,,,,,,,,,,,,,,,,,,,,,,,,,,,,,,,,,,,,,
016-Gleeson,GLEESON,0016 - Gleeson Hall,"8,900","29,600","52,703","24,618","24,618","12,023","32,346","22,600","32,222","24,700","24,300","20,707","91,203","61,259","87,168","69,707","309,337",,,,,,,,,,,,,,,,,,,,,,,,,,,,,,,,,,,,,,,,,,,,,,,,,,,,,,,,,,,,,,,,,,,,,,,,,,,,,,,,,,,,,,,,,,,,,,,,,,,,,,,,,,,,,,,,,,,,,,,,,,,,,,,,,,,,,,,,,,,,,,,,,,,,,,,,,,,,,,,,,,,
021-908-NI,NASH,0021 - Nash Hall,"21,761","22,402","25,289","21,086","23,053","19,051","33,552","34,792","27,702","34,807","21,258","15,822","69,452","63,190","96,046","71,887","300,575",,,,,,,,,,,,,,,,,,,,,,,,,,,,,,,,,,,,,,,,,,,,,,,,,,,,,,,,,,,,,,,,,,,,,,,,,,,,,,,,,,,,,,,,,,,,,,,,,,,,,,,,,,,,,,,,,,,,,,,,,,,,,,,,,,,,,,,,,,,,,,,,,,,,,,,,,,,,,,,,,,,
114-710-BI,Cauthorn,0114 - Cauthorn Hall,"11,753","11,154","27,981","36,793","24,383","18,341","22,894","35,610","26,218","35,623","24,969","13,906","50,888","79,517","84,722","74,498","289,625",,,,,,,,,,,,,,,,,,,,,,,,,,,,,,,,,,,,,,,,,,,,,,,,,,,,,,,,,,,,,,,,,,,,,,,,,,,,,,,,,,,,,,,,,,,,,,,,,,,,,,,,,,,,,,,,,,,,,,,,,,,,,,,,,,,,,,,,,,,,,,,,,,,,,,,,,,,,,,,,,,,
19733981-001-321,4575 SW Research Way,0520 - Research Way Laboratory,"22,560","19,480","19,680","23,680","25,440","28,480","27,520","25,760","25,760","22,080","20,320","19,680","61,720","77,600","79,040","62,080","280,440",,,,,,,,,,,,,,,,,,,,,,,,,,,,,,,,,,,,,,,,,,,,,,,,,,,,,,,,,,,,,,,,,,,,,,,,,,,,,,,,,,,,,,,,,,,,,,,,,,,,,,,,,,,,,,,,,,,,,,,,,,,,,,,,,,,,,,,,,,,,,,,,,,,,,,,,,,,,,,,,,,,
154-536-NO,VET RSH LAB,0154 - Vet Research Lab,"28,800","33,080","22,080","19,240","20,400","15,280","19,240","29,560","27,520","2,360","37,200","15,520","83,960","54,920","76,320","55,080","270,280",,,,,,,,,,,,,,,,,,,,,,,,,,,,,,,,,,,,,,,,,,,,,,,,,,,,,,,,,,,,,,,,,,,,,,,,,,,,,,,,,,,,,,,,,,,,,,,,,,,,,,,,,,,,,,,,,,,,,,,,,,,,,,,,,,,,,,,,,,,,,,,,,,,,,,,,,,,,,,,,,,,
19733981-001-260,270 SW 35th Street,0089 - Jefferson Street Building (JSB) ,0,0,0,0,"47,520","51,200","51,040","51,040","49,120",0,0,0,0,"98,720","151,200",0,"249,920",,,,,,,,,,,,,,,,,,,,,,,,,,,,,,,,,,,,,,,,,,,,,,,,,,,,,,,,,,,,,,,,,,,,,,,,,,,,,,,,,,,,,,,,,,,,,,,,,,,,,,,,,,,,,,,,,,,,,,,,,,,,,,,,,,,,,,,,,,,,,,,,,,,,,,,,,,,,,,,,,,,
068-993-LG,Burt 2,0068 - Burt Hall,"27,600","27,200","22,800","21,200","21,600","17,200","20,800","28,400","22,000","18,800","21,800","11,600","77,600","60,000","71,200","52,200","261,000",,,,,,,,,,,,,,,,,,,,,,,,,,,,,,,,,,,,,,,,,,,,,,,,,,,,,,,,,,,,,,,,,,,,,,,,,,,,,,,,,,,,,,,,,,,,,,,,,,,,,,,,,,,,,,,,,,,,,,,,,,,,,,,,,,,,,,,,,,,,,,,,,,,,,,,,,,,,,,,,,,,
101-852-BO,Seed Lab,0101 - Seed Lab,"15,200","14,160","18,800","12,720","14,000","9,600","13,840","18,080","14,800","8,160","92,240","14,880","48,160","36,320","46,720","115,280","246,480",,,,,,,,,,,,,,,,,,,,,,,,,,,,,,,,,,,,,,,,,,,,,,,,,,,,,,,,,,,,,,,,,,,,,,,,,,,,,,,,,,,,,,,,,,,,,,,,,,,,,,,,,,,,,,,,,,,,,,,,,,,,,,,,,,,,,,,,,,,,,,,,,,,,,,,,,,,,,,,,,,,
113-532-BI,West Dng,0113 - Marketplace West Dining Center,"37,760","37,600","36,640","26,400","13,120","8,320","14,080","9,800","8,320","13,800","19,300",0,"112,000","47,840","32,200","33,100","225,140",,,,,,,,,,,,,,,,,,,,,,,,,,,,,,,,,,,,,,,,,,,,,,,,,,,,,,,,,,,,,,,,,,,,,,,,,,,,,,,,,,,,,,,,,,,,,,,,,,,,,,,,,,,,,,,,,,,,,,,,,,,,,,,,,,,,,,,,,,,,,,,,,,,,,,,,,,,,,,,,,,,
100-397-BI,Snell Hall-C,0100 - Snell Hall,"10,440","20,700","20,520","16,380","16,380","13,320","15,480","29,700","18,900","19,980","33,120",0,"51,660","46,080","64,080","53,100","214,920",,,,,,,,,,,,,,,,,,,,,,,,,,,,,,,,,,,,,,,,,,,,,,,,,,,,,,,,,,,,,,,,,,,,,,,,,,,,,,,,,,,,,,,,,,,,,,,,,,,,,,,,,,,,,,,,,,,,,,,,,,,,,,,,,,,,,,,,,,,,,,,,,,,,,,,,,,,,,,,,,,,
364-001-E,Oldfield Animal Teaching Facility,0364  - James E. Oldfield Animal Teaching Facility,"12,379","9,377","8,620","10,025","10,026","12,713","24,687","35,685","15,263","17,100","55,326","6,837","30,376","32,764","75,635","79,263","218,038",,,,,,,,,,,,,,,,,,,,,,,,,,,,,,,,,,,,,,,,,,,,,,,,,,,,,,,,,,,,,,,,,,,,,,,,,,,,,,,,,,,,,,,,,,,,,,,,,,,,,,,,,,,,,,,,,,,,,,,,,,,,,,,,,,,,,,,,,,,,,,,,,,,,,,,,,,,,,,,,,,,
19733981-001-182,Kelley Eng Center,0003 - Kelley Engineering Center,"17,100","14,700","15,900","18,000","18,300","21,900","19,800","19,200","20,100","17,700","20,100","24,300","47,700","58,200","59,100","62,100","227,100",,,,,,,,,,,,,,,,,,,,,,,,,,,,,,,,,,,,,,,,,,,,,,,,,,,,,,,,,,,,,,,,,,,,,,,,,,,,,,,,,,,,,,,,,,,,,,,,,,,,,,,,,,,,,,,,,,,,,,,,,,,,,,,,,,,,,,,,,,,,,,,,,,,,,,,,,,,,,,,,,,,
19733981-001-215,Apperson Hall 15th & Monroe ,0001 - Kearney Hall,"17,700","23,100","18,900","17,400","18,000","18,300","15,600","17,400","18,600","17,100","20,100","20,400","59,700","53,700","51,600","57,600","222,600",,,,,,,,,,,,,,,,,,,,,,,,,,,,,,,,,,,,,,,,,,,,,,,,,,,,,,,,,,,,,,,,,,,,,,,,,,,,,,,,,,,,,,,,,,,,,,,,,,,,,,,,,,,,,,,,,,,,,,,,,,,,,,,,,,,,,,,,,,,,,,,,,,,,,,,,,,,,,,,,,,,
192-554-BI,Callahan-Note A,0192 - Callahan Hall,"8,620","9,279","14,122","19,485","18,130","13,994","19,321","27,396","22,433","28,314","18,362","10,694","32,021","51,609","69,150","57,370","210,150",,,,,,,,,,,,,,,,,,,,,,,,,,,,,,,,,,,,,,,,,,,,,,,,,,,,,,,,,,,,,,,,,,,,,,,,,,,,,,,,,,,,,,,,,,,,,,,,,,,,,,,,,,,,,,,,,,,,,,,,,,,,,,,,,,,,,,,,,,,,,,,,,,,,,,,,,,,,,,,,,,,
100-998-LG,Snell TV,0100 - Snell Hall,"22,320","13,680","15,300","16,290","16,290","13,140","15,300","30,960","18,180","17,820","16,380","15,300","51,300","45,720","64,440","49,500","210,960",,,,,,,,,,,,,,,,,,,,,,,,,,,,,,,,,,,,,,,,,,,,,,,,,,,,,,,,,,,,,,,,,,,,,,,,,,,,,,,,,,,,,,,,,,,,,,,,,,,,,,,,,,,,,,,,,,,,,,,,,,,,,,,,,,,,,,,,,,,,,,,,,,,,,,,,,,,,,,,,,,,
19733981-001-254,Outdoor Rec Center ,0171 - Outdoor Rec Maintenance Pavilion,600,120,560,"20,200","32,280","37,920","18,160","29,000","24,000","12,760","14,640","11,280","1,280","90,400","71,160","38,680","201,520",,,,,,,,,,,,,,,,,,,,,,,,,,,,,,,,,,,,,,,,,,,,,,,,,,,,,,,,,,,,,,,,,,,,,,,,,,,,,,,,,,,,,,,,,,,,,,,,,,,,,,,,,,,,,,,,,,,,,,,,,,,,,,,,,,,,,,,,,,,,,,,,,,,,,,,,,,,,,,,,,,,
19733981-001-055,Wave tank,0137 - Hinsdale Wave Research Lab,0,0,0,"15,663","24,600","30,600","39,000","39,000","36,900",0,0,0,0,"70,863","114,900",0,"185,763",,,,,,,,,,,,,,,,,,,,,,,,,,,,,,,,,,,,,,,,,,,,,,,,,,,,,,,,,,,,,,,,,,,,,,,,,,,,,,,,,,,,,,,,,,,,,,,,,,,,,,,,,,,,,,,,,,,,,,,,,,,,,,,,,,,,,,,,,,,,,,,,,,,,,,,,,,,,,,,,,,,
191-556-BI,Wilson-Note A,0191 - Wilson Hall,"8,416","8,552","13,770","18,524","17,578","12,849","15,346","21,854","19,181","25,554","18,448","9,382","30,738","48,951","56,381","53,384","189,454",,,,,,,,,,,,,,,,,,,,,,,,,,,,,,,,,,,,,,,,,,,,,,,,,,,,,,,,,,,,,,,,,,,,,,,,,,,,,,,,,,,,,,,,,,,,,,,,,,,,,,,,,,,,,,,,,,,,,,,,,,,,,,,,,,,,,,,,,,,,,,,,,,,,,,,,,,,,,,,,,,,
100-000-LG,Snell Café-Note C,0100 - Snell Hall,"21,120","14,760","17,040","15,240","15,240","11,640","13,440","25,200","15,720","14,280","12,480","12,480","52,920","42,120","54,360","39,240","188,640",,,,,,,,,,,,,,,,,,,,,,,,,,,,,,,,,,,,,,,,,,,,,,,,,,,,,,,,,,,,,,,,,,,,,,,,,,,,,,,,,,,,,,,,,,,,,,,,,,,,,,,,,,,,,,,,,,,,,,,,,,,,,,,,,,,,,,,,,,,,,,,,,,,,,,,,,,,,,,,,,,,
018-Bexell,BEXELL,0018 - Bexell Hall,"18,000","15,200","18,400","15,000","15,000","9,200","10,400","19,600","15,200","13,600","18,000","10,000","51,600","39,200","45,200","41,600","177,600",,,,,,,,,,,,,,,,,,,,,,,,,,,,,,,,,,,,,,,,,,,,,,,,,,,,,,,,,,,,,,,,,,,,,,,,,,,,,,,,,,,,,,,,,,,,,,,,,,,,,,,,,,,,,,,,,,,,,,,,,,,,,,,,,,,,,,,,,,,,,,,,,,,,,,,,,,,,,,,,,,,
088-551-LG,CLARK  LAB,0088 - Clark Laboratory,"16,800","13,920","19,080","13,800","13,800","10,560","13,200","18,240","15,120","9,840","16,320","21,360","49,800","38,160","46,560","47,520","182,040",,,,,,,,,,,,,,,,,,,,,,,,,,,,,,,,,,,,,,,,,,,,,,,,,,,,,,,,,,,,,,,,,,,,,,,,,,,,,,,,,,,,,,,,,,,,,,,,,,,,,,,,,,,,,,,,,,,,,,,,,,,,,,,,,,,,,,,,,,,,,,,,,,,,,,,,,,,,,,,,,,,
142-000-BI,Indoor Practice Facility,0142 - Merrit Truax Indoor Practice Center,"19,236","15,408","12,646","12,870","12,870","8,192","10,163",665,"26,244","17,463","21,533","8,243","47,290","33,932","37,072","47,239","165,533",,,,,,,,,,,,,,,,,,,,,,,,,,,,,,,,,,,,,,,,,,,,,,,,,,,,,,,,,,,,,,,,,,,,,,,,,,,,,,,,,,,,,,,,,,,,,,,,,,,,,,,,,,,,,,,,,,,,,,,,,,,,,,,,,,,,,,,,,,,,,,,,,,,,,,,,,,,,,,,,,,,
102-916-NI,Waldo,0102 - Waldo Hall,"17,200","13,440","12,560","13,960","10,960","9,800","11,640","23,280","14,320","12,720","11,520","10,840","43,200","34,720","49,240","35,080","162,240",,,,,,,,,,,,,,,,,,,,,,,,,,,,,,,,,,,,,,,,,,,,,,,,,,,,,,,,,,,,,,,,,,,,,,,,,,,,,,,,,,,,,,,,,,,,,,,,,,,,,,,,,,,,,,,,,,,,,,,,,,,,,,,,,,,,,,,,,,,,,,,,,,,,,,,,,,,,,,,,,,,
19733981-001-354,1600 SW Monroe Ave Corvallis OR,0002 - Merryfield Hall,"11,920","12,000","11,360","10,720","12,320","15,840","15,920","17,440","17,200","12,480","11,920","11,040","35,280","38,880","50,560","35,440","160,160",,,,,,,,,,,,,,,,,,,,,,,,,,,,,,,,,,,,,,,,,,,,,,,,,,,,,,,,,,,,,,,,,,,,,,,,,,,,,,,,,,,,,,,,,,,,,,,,,,,,,,,,,,,,,,,,,,,,,,,,,,,,,,,,,,,,,,,,,,,,,,,,,,,,,,,,,,,,,,,,,,,
053-813-BI,McAlexander-C,0053 - McAlexander Fieldhouse,"10,880","7,600","9,360","7,680","7,680","16,320","9,520","22,000","13,520","11,920","11,440","9,040","27,840","31,680","45,040","32,400","136,960",,,,,,,,,,,,,,,,,,,,,,,,,,,,,,,,,,,,,,,,,,,,,,,,,,,,,,,,,,,,,,,,,,,,,,,,,,,,,,,,,,,,,,,,,,,,,,,,,,,,,,,,,,,,,,,,,,,,,,,,,,,,,,,,,,,,,,,,,,,,,,,,,,,,,,,,,,,,,,,,,,,
19733981-001-201,Lorenz Soccer Fld LightsB,5015 - Lorenz Soccer Field,"6,040","5,560","7,360","8,880","15,160","16,440","15,320","16,760","17,160","11,080","7,720","5,080","18,960","40,480","49,240","23,880","132,560",,,,,,,,,,,,,,,,,,,,,,,,,,,,,,,,,,,,,,,,,,,,,,,,,,,,,,,,,,,,,,,,,,,,,,,,,,,,,,,,,,,,,,,,,,,,,,,,,,,,,,,,,,,,,,,,,,,,,,,,,,,,,,,,,,,,,,,,,,,,,,,,,,,,,,,,,,,,,,,,,,,
19733981-001-255,120SW26th St-HallieFd,0077 - Hallie E. Ford Center,"13,920","15,080","14,120","10,640","9,720","10,440","8,680","8,600","8,840","8,160","8,720","8,840","43,120","30,800","26,120","25,720","125,760",,,,,,,,,,,,,,,,,,,,,,,,,,,,,,,,,,,,,,,,,,,,,,,,,,,,,,,,,,,,,,,,,,,,,,,,,,,,,,,,,,,,,,,,,,,,,,,,,,,,,,,,,,,,,,,,,,,,,,,,,,,,,,,,,,,,,,,,,,,,,,,,,,,,,,,,,,,,,,,,,,,
19733981-001-308,Champinefu Lodge,0194 - Champinefu Lodge,"9,120","9,240","8,800","9,120","10,400","12,040","13,320","12,640","12,240","9,320","8,920","8,440","27,160","31,560","38,200","26,680","123,600",,,,,,,,,,,,,,,,,,,,,,,,,,,,,,,,,,,,,,,,,,,,,,,,,,,,,,,,,,,,,,,,,,,,,,,,,,,,,,,,,,,,,,,,,,,,,,,,,,,,,,,,,,,,,,,,,,,,,,,,,,,,,,,,,,,,,,,,,,,,,,,,,,,,,,,,,,,,,,,,,,,
19733981-001-270,2200 SW Western Blvdb,4028 - Western Blvd,"3,320","2,440","3,600","8,560","14,440","16,440","12,040","14,320","14,120","10,040","11,760","8,080","9,360","39,440","40,480","29,880","119,160",,,,,,,,,,,,,,,,,,,,,,,,,,,,,,,,,,,,,,,,,,,,,,,,,,,,,,,,,,,,,,,,,,,,,,,,,,,,,,,,,,,,,,,,,,,,,,,,,,,,,,,,,,,,,,,,,,,,,,,,,,,,,,,,,,,,,,,,,,,,,,,,,,,,,,,,,,,,,,,,,,,
172-676-BI,OCEANOGRAPHY STAGING BLDG (CYCLATRON)   ,0172 - Oceanography Staging Bldg (Cyclatron),29,0,0,500,500,0,"99,000","10,000",325,146,4,0,29,"1,000","109,325",150,"110,504",,,,,,,,,,,,,,,,,,,,,,,,,,,,,,,,,,,,,,,,,,,,,,,,,,,,,,,,,,,,,,,,,,,,,,,,,,,,,,,,,,,,,,,,,,,,,,,,,,,,,,,,,,,,,,,,,,,,,,,,,,,,,,,,,,,,,,,,,,,,,,,,,,,,,,,,,,,,,,,,,,,
190-McNary,McNary Chiller,0190 - McNary Hall,"32,752","34,102","21,770","5,776",459,62,152,148,"2,291","2,544","9,140","20,941","88,624","6,297","2,591","32,625","130,137",,,,,,,,,,,,,,,,,,,,,,,,,,,,,,,,,,,,,,,,,,,,,,,,,,,,,,,,,,,,,,,,,,,,,,,,,,,,,,,,,,,,,,,,,,,,,,,,,,,,,,,,,,,,,,,,,,,,,,,,,,,,,,,,,,,,,,,,,,,,,,,,,,,,,,,,,,,,,,,,,,,
19733981-001-311,3531 SW Campus Way,0366 - Precision Agricultural Systems Center,0,0,0,0,0,"16,200","30,080","30,080","32,640",0,0,0,0,"16,200","92,800",0,"109,000",,,,,,,,,,,,,,,,,,,,,,,,,,,,,,,,,,,,,,,,,,,,,,,,,,,,,,,,,,,,,,,,,,,,,,,,,,,,,,,,,,,,,,,,,,,,,,,,,,,,,,,,,,,,,,,,,,,,,,,,,,,,,,,,,,,,,,,,,,,,,,,,,,,,,,,,,,,,,,,,,,,
19733981-001-307,Oxford House June'16,0220 - Oxford House,"8,760","7,480","7,440","7,320","8,040","9,680","11,120","10,560","9,640","8,520","7,800","8,480","23,680","25,040","31,320","24,800","104,840",,,,,,,,,,,,,,,,,,,,,,,,,,,,,,,,,,,,,,,,,,,,,,,,,,,,,,,,,,,,,,,,,,,,,,,,,,,,,,,,,,,,,,,,,,,,,,,,,,,,,,,,,,,,,,,,,,,,,,,,,,,,,,,,,,,,,,,,,,,,,,,,,,,,,,,,,,,,,,,,,,,
100-999-LG,Snell Hall,0100 - Snell Hall,"15,240","13,800","11,880","6,060","6,060","4,800","5,520","10,080","7,680","6,960","7,320","8,400","40,920","16,920","23,280","22,680","103,800",,,,,,,,,,,,,,,,,,,,,,,,,,,,,,,,,,,,,,,,,,,,,,,,,,,,,,,,,,,,,,,,,,,,,,,,,,,,,,,,,,,,,,,,,,,,,,,,,,,,,,,,,,,,,,,,,,,,,,,,,,,,,,,,,,,,,,,,,,,,,,,,,,,,,,,,,,,,,,,,,,,
102-711-NI,Waldo,0102 - Waldo Hall,"7,120","7,680","5,920","15,500","8,300","9,200","5,040","11,800","10,160","7,200","7,120","8,200","20,720","33,000","27,000","22,520","103,240",,,,,,,,,,,,,,,,,,,,,,,,,,,,,,,,,,,,,,,,,,,,,,,,,,,,,,,,,,,,,,,,,,,,,,,,,,,,,,,,,,,,,,,,,,,,,,,,,,,,,,,,,,,,,,,,,,,,,,,,,,,,,,,,,,,,,,,,,,,,,,,,,,,,,,,,,,,,,,,,,,,
19733981-001-405,855 NW 8th St Corvallis OR,0886 - 855 NW 8TH STREET,"6,720","6,080","6,560","7,040","8,640","10,080","12,160","10,720","8,480","7,680","6,880","6,720","19,360","25,760","31,360","21,280","97,760",,,,,,,,,,,,,,,,,,,,,,,,,,,,,,,,,,,,,,,,,,,,,,,,,,,,,,,,,,,,,,,,,,,,,,,,,,,,,,,,,,,,,,,,,,,,,,,,,,,,,,,,,,,,,,,,,,,,,,,,,,,,,,,,,,,,,,,,,,,,,,,,,,,,,,,,,,,,,,,,,,,
036-432-GE,Valley Lib. AT&T,0036 - The Valley Library,"11,564","6,851","8,356","8,496","8,496","3,847","10,167","9,056","9,449","6,332","6,951","8,396","26,771","20,839","28,672","21,679","97,961",,,,,,,,,,,,,,,,,,,,,,,,,,,,,,,,,,,,,,,,,,,,,,,,,,,,,,,,,,,,,,,,,,,,,,,,,,,,,,,,,,,,,,,,,,,,,,,,,,,,,,,,,,,,,,,,,,,,,,,,,,,,,,,,,,,,,,,,,,,,,,,,,,,,,,,,,,,,,,,,,,,
343-552-BO,Dairy Barn,0343 - DC - Dairy Barn,"7,880","5,920","5,240","6,640","7,920","6,800","19,040","7,880","7,960","8,700","5,040","5,280","19,040","21,360","34,880","19,020","94,300",,,,,,,,,,,,,,,,,,,,,,,,,,,,,,,,,,,,,,,,,,,,,,,,,,,,,,,,,,,,,,,,,,,,,,,,,,,,,,,,,,,,,,,,,,,,,,,,,,,,,,,,,,,,,,,,,,,,,,,,,,,,,,,,,,,,,,,,,,,,,,,,,,,,,,,,,,,,,,,,,,,
118-000-E,Reed Lodge,0118 - Reed Lodge,"13,600","9,920","10,720","8,000","8,000","2,880","7,360","6,720","6,720","4,160","7,360","6,240","34,240","18,880","20,800","17,760","91,680",,,,,,,,,,,,,,,,,,,,,,,,,,,,,,,,,,,,,,,,,,,,,,,,,,,,,,,,,,,,,,,,,,,,,,,,,,,,,,,,,,,,,,,,,,,,,,,,,,,,,,,,,,,,,,,,,,,,,,,,,,,,,,,,,,,,,,,,,,,,,,,,,,,,,,,,,,,,,,,,,,,
19733981-001-253,Outdoor Rec Center ,0171 - Outdoor Rec Maintenance Pavilion,"4,440","4,040","4,080","6,760","7,960","8,640","8,240","9,880","10,320","8,360","7,280","6,480","12,560","23,360","28,440","22,120","86,480",,,,,,,,,,,,,,,,,,,,,,,,,,,,,,,,,,,,,,,,,,,,,,,,,,,,,,,,,,,,,,,,,,,,,,,,,,,,,,,,,,,,,,,,,,,,,,,,,,,,,,,,,,,,,,,,,,,,,,,,,,,,,,,,,,,,,,,,,,,,,,,,,,,,,,,,,,,,,,,,,,,
067-915-NI,BALLARD EXT.,0067 - Ballard Extension Hall,"8,400","11,680","7,400","6,280","6,280","2,720","7,520","14,040",280,"6,500","7,000","19,300","27,480","15,280","21,840","32,800","97,400",,,,,,,,,,,,,,,,,,,,,,,,,,,,,,,,,,,,,,,,,,,,,,,,,,,,,,,,,,,,,,,,,,,,,,,,,,,,,,,,,,,,,,,,,,,,,,,,,,,,,,,,,,,,,,,,,,,,,,,,,,,,,,,,,,,,,,,,,,,,,,,,,,,,,,,,,,,,,,,,,,,
084-849-NI,GILMORE,0084 - Gilmore Hall,"8,480","7,040","7,760","6,480","6,480","5,440","6,320","9,600","8,480",320,"11,000","13,120","23,280","18,400","24,400","24,440","90,520",,,,,,,,,,,,,,,,,,,,,,,,,,,,,,,,,,,,,,,,,,,,,,,,,,,,,,,,,,,,,,,,,,,,,,,,,,,,,,,,,,,,,,,,,,,,,,,,,,,,,,,,,,,,,,,,,,,,,,,,,,,,,,,,,,,,,,,,,,,,,,,,,,,,,,,,,,,,,,,,,,,
029-481-NO,BENTON,0027 -Community Hall,"7,040","4,320","5,280","7,880","7,880","3,920","8,560","10,720","8,640","5,200","7,440","6,480","16,640","19,680","27,920","19,120","83,360",,,,,,,,,,,,,,,,,,,,,,,,,,,,,,,,,,,,,,,,,,,,,,,,,,,,,,,,,,,,,,,,,,,,,,,,,,,,,,,,,,,,,,,,,,,,,,,,,,,,,,,,,,,,,,,,,,,,,,,,,,,,,,,,,,,,,,,,,,,,,,,,,,,,,,,,,,,,,,,,,,,
19733981-001-406,430 SW Langton Pl Hitting Corvallis OR,0108 - Goss Stadium ,3320,"3,600","4,200","4,600","7,200","10,240","14,120","13,560","5,280","6,600","4,120","4,240","11,120","22,040","32,960","14,960","81,080",,,,,,,,,,,,,,,,,,,,,,,,,,,,,,,,,,,,,,,,,,,,,,,,,,,,,,,,,,,,,,,,,,,,,,,,,,,,,,,,,,,,,,,,,,,,,,,,,,,,,,,,,,,,,,,,,,,,,,,,,,,,,,,,,,,,,,,,,,,,,,,,,,,,,,,,,,,,,,,,,,,
19733981-001-326,End of Smith Ln Fish & W-Note F,0485 - Fisheries And Wildlife Office,"7,466","5,461","5,951","6,692","6,944","7,734","7,086","6,277","6,540","6,225","6,262","6,493","18,878","21,370","19,903","18,980","79,131",,,,,,,,,,,,,,,,,,,,,,,,,,,,,,,,,,,,,,,,,,,,,,,,,,,,,,,,,,,,,,,,,,,,,,,,,,,,,,,,,,,,,,,,,,,,,,,,,,,,,,,,,,,,,,,,,,,,,,,,,,,,,,,,,,,,,,,,,,,,,,,,,,,,,,,,,,,,,,,,,,,
092-490-NO,HOVELAND,0092 - Hovland Hall,"8,640","4,560","7,680","5,280","6,240","4,080","6,720","10,320","6,240","5,280","7,200","5,000","20,880","15,600","23,280","17,480","77,240",,,,,,,,,,,,,,,,,,,,,,,,,,,,,,,,,,,,,,,,,,,,,,,,,,,,,,,,,,,,,,,,,,,,,,,,,,,,,,,,,,,,,,,,,,,,,,,,,,,,,,,,,,,,,,,,,,,,,,,,,,,,,,,,,,,,,,,,,,,,,,,,,,,,,,,,,,,,,,,,,,,
112-359-BI,Poling,0112 - Poling Hall,"3,105","3,474","6,301","6,829","6,651","4,875","8,100","8,200","5,900","10,505","7,588","4,710","12,880","18,355","22,200","22,803","76,238",,,,,,,,,,,,,,,,,,,,,,,,,,,,,,,,,,,,,,,,,,,,,,,,,,,,,,,,,,,,,,,,,,,,,,,,,,,,,,,,,,,,,,,,,,,,,,,,,,,,,,,,,,,,,,,,,,,,,,,,,,,,,,,,,,,,,,,,,,,,,,,,,,,,,,,,,,,,,,,,,,,
139-USDA-CH,USDA Totalizer-Note G,0139 - West Greenhouse (W6&7),"9,492","6,909","8,364","6,402","5,188","4,485","5,155","7,213","6,050","3,555","7,900","5,159","24,765","16,076","18,418","16,614","75,872",,,,,,,,,,,,,,,,,,,,,,,,,,,,,,,,,,,,,,,,,,,,,,,,,,,,,,,,,,,,,,,,,,,,,,,,,,,,,,,,,,,,,,,,,,,,,,,,,,,,,,,,,,,,,,,,,,,,,,,,,,,,,,,,,,,,,,,,,,,,,,,,,,,,,,,,,,,,,,,,,,,
19733981-001-268,126 SW McKenzieOceanObserv,7007 - Fiber-optic Cable Infrastructure,"7,720","7,280","7,040","5,960","6,120","6,520","5,920","5,760","6,160","5,640","5,760","5,200","22,040","18,600","17,840","16,600","75,080",,,,,,,,,,,,,,,,,,,,,,,,,,,,,,,,,,,,,,,,,,,,,,,,,,,,,,,,,,,,,,,,,,,,,,,,,,,,,,,,,,,,,,,,,,,,,,,,,,,,,,,,,,,,,,,,,,,,,,,,,,,,,,,,,,,,,,,,,,,,,,,,,,,,,,,,,,,,,,,,,,,
19733981-001-194,General-811 SW Jefferson,0882 - Autzen House,"4,840","4,280","4,440","4,880","6,200","8,080","9,240","9,040","8,200","5,440","4,920","4,760","13,560","19,160","26,480","15,120","74,320",,,,,,,,,,,,,,,,,,,,,,,,,,,,,,,,,,,,,,,,,,,,,,,,,,,,,,,,,,,,,,,,,,,,,,,,,,,,,,,,,,,,,,,,,,,,,,,,,,,,,,,,,,,,,,,,,,,,,,,,,,,,,,,,,,,,,,,,,,,,,,,,,,,,,,,,,,,,,,,,,,,
19733981-001-062,Dorm Svc Bldg,0097 - UHDS Maintenance Center,"6,560","7,600","7,280","5,680","5,680","6,800","7,600","5,920","6,000","5,200","5,120","5,040","21,440","18,160","19,520","15,360","74,480",,,,,,,,,,,,,,,,,,,,,,,,,,,,,,,,,,,,,,,,,,,,,,,,,,,,,,,,,,,,,,,,,,,,,,,,,,,,,,,,,,,,,,,,,,,,,,,,,,,,,,,,,,,,,,,,,,,,,,,,,,,,,,,,,,,,,,,,,,,,,,,,,,,,,,,,,,,,,,,,,,,
033-941-LG,Gladys Valley,0033 - Gladys Valley Gymnastics Center,0,"7,100","5,300","7,030","7,700","7,100","7,700","7,500","6,600","5,900","7,500","10,000","12,400","21,830","21,800","23,400","79,430",,,,,,,,,,,,,,,,,,,,,,,,,,,,,,,,,,,,,,,,,,,,,,,,,,,,,,,,,,,,,,,,,,,,,,,,,,,,,,,,,,,,,,,,,,,,,,,,,,,,,,,,,,,,,,,,,,,,,,,,,,,,,,,,,,,,,,,,,,,,,,,,,,,,,,,,,,,,,,,,,,,
036-044-GE,Valley Lib. T-Mobile,0036 - The Valley Library,"8,721","5,189","6,282","6,583","6,583","3,013","7,912","7,133","7,440","4,140","6,248","6,622","20,192","16,178","22,485","17,010","75,865",,,,,,,,,,,,,,,,,,,,,,,,,,,,,,,,,,,,,,,,,,,,,,,,,,,,,,,,,,,,,,,,,,,,,,,,,,,,,,,,,,,,,,,,,,,,,,,,,,,,,,,,,,,,,,,,,,,,,,,,,,,,,,,,,,,,,,,,,,,,,,,,,,,,,,,,,,,,,,,,,,,
078-000-E,Energy Center,0078 - Energy Center,"11,520",,0,"8,280","8,600","8,160","7,320",960,"8,400","2,880","12,840","8,160","11,520","25,040","16,680","23,880","77,120",,,,,,,,,,,,,,,,,,,,,,,,,,,,,,,,,,,,,,,,,,,,,,,,,,,,,,,,,,,,,,,,,,,,,,,,,,,,,,,,,,,,,,,,,,,,,,,,,,,,,,,,,,,,,,,,,,,,,,,,,,,,,,,,,,,,,,,,,,,,,,,,,,,,,,,,,,,,,,,,,,,
19733981-001-401,34306 NE Electric Rd,0482 - VF Little Greenhouse,"3,320","3,400","4,920","6,080","7,560","8,320","9,080","8,560","6,880","4,920","4,880","4,800","11,640","21,960","24,520","14,600","72,720",,,,,,,,,,,,,,,,,,,,,,,,,,,,,,,,,,,,,,,,,,,,,,,,,,,,,,,,,,,,,,,,,,,,,,,,,,,,,,,,,,,,,,,,,,,,,,,,,,,,,,,,,,,,,,,,,,,,,,,,,,,,,,,,,,,,,,,,,,,,,,,,,,,,,,,,,,,,,,,,,,,
19733981-001-153,Child Care Ctr,0188 - Child Care Center,"8,160","8,720","7,760","5,840","5,120","5,360","5,040","4,880","5,120","5,280","5,600","6,160","24,640","16,320","15,040","17,040","73,040",,,,,,,,,,,,,,,,,,,,,,,,,,,,,,,,,,,,,,,,,,,,,,,,,,,,,,,,,,,,,,,,,,,,,,,,,,,,,,,,,,,,,,,,,,,,,,,,,,,,,,,,,,,,,,,,,,,,,,,,,,,,,,,,,,,,,,,,,,,,,,,,,,,,,,,,,,,,,,,,,,,
106-506-NO,MORELAND,0106 - Moreland Hall,"3,720","4,320","4,680","9,000","4,800","5,760","7,440","7,900","8,400","6,000",0,"9,360","12,720","19,560","23,740","15,360","71,380",,,,,,,,,,,,,,,,,,,,,,,,,,,,,,,,,,,,,,,,,,,,,,,,,,,,,,,,,,,,,,,,,,,,,,,,,,,,,,,,,,,,,,,,,,,,,,,,,,,,,,,,,,,,,,,,,,,,,,,,,,,,,,,,,,,,,,,,,,,,,,,,,,,,,,,,,,,,,,,,,,,
19733981-001-359,Dixon House,0195 - Dixon House,"3,920","3,960","4,240","5,200","6,360","7,080","6,800","7,240","7,080","4,400","4,720","5,120","12,120","18,640","21,120","14,240","66,120",,,,,,,,,,,,,,,,,,,,,,,,,,,,,,,,,,,,,,,,,,,,,,,,,,,,,,,,,,,,,,,,,,,,,,,,,,,,,,,,,,,,,,,,,,,,,,,,,,,,,,,,,,,,,,,,,,,,,,,,,,,,,,,,,,,,,,,,,,,,,,,,,,,,,,,,,,,,,,,,,,,
19733981-001-031,General,0069 - Bates Hall (Family Study Center),0,0,0,0,0,"14,320","15,600","15,600","13,680",0,0,0,0,"14,320","44,880",0,"59,200",,,,,,,,,,,,,,,,,,,,,,,,,,,,,,,,,,,,,,,,,,,,,,,,,,,,,,,,,,,,,,,,,,,,,,,,,,,,,,,,,,,,,,,,,,,,,,,,,,,,,,,,,,,,,,,,,,,,,,,,,,,,,,,,,,,,,,,,,,,,,,,,,,,,,,,,,,,,,,,,,,,
221-018-BO,OCEAN. SHOP,0221 - Marine Geology Core Lab,"6,600","7,300","7,200","2,600","5,127","6,200","5,700","5,180","2,400","5,400","4,700","16,800","21,100","13,927","13,280","26,900","75,207",,,,,,,,,,,,,,,,,,,,,,,,,,,,,,,,,,,,,,,,,,,,,,,,,,,,,,,,,,,,,,,,,,,,,,,,,,,,,,,,,,,,,,,,,,,,,,,,,,,,,,,,,,,,,,,,,,,,,,,,,,,,,,,,,,,,,,,,,,,,,,,,,,,,,,,,,,,,,,,,,,,
19733981-001-133,Alumni Center,0201 - CH2M Hill Alumni Center,0,0,0,0,0,0,"9,560","9,560","37,040",0,0,0,0,0,"56,160",0,"56,160",,,,,,,,,,,,,,,,,,,,,,,,,,,,,,,,,,,,,,,,,,,,,,,,,,,,,,,,,,,,,,,,,,,,,,,,,,,,,,,,,,,,,,,,,,,,,,,,,,,,,,,,,,,,,,,,,,,,,,,,,,,,,,,,,,,,,,,,,,,,,,,,,,,,,,,,,,,,,,,,,,,
19733981-001-077,General-644 SW 13th ,0862 - Property Services,"5,183","5,407","5,178","4,339","4,643","5,288","5,449","5,097","5,462","5,099","4,881","4,725","15,768","14,270","16,008","14,705","60,751",,,,,,,,,,,,,,,,,,,,,,,,,,,,,,,,,,,,,,,,,,,,,,,,,,,,,,,,,,,,,,,,,,,,,,,,,,,,,,,,,,,,,,,,,,,,,,,,,,,,,,,,,,,,,,,,,,,,,,,,,,,,,,,,,,,,,,,,,,,,,,,,,,,,,,,,,,,,,,,,,,,
19733981-001-154,Peoria Strm-Lewis Br Farm 2,0466 - Lewis Brown Utility Buildings,"3,240","3,280","3,440","3,320","4,360","6,760","7,880","6,920","6,840","5,000","4,240","3,400","9,960","14,440","21,640","12,640","58,680",,,,,,,,,,,,,,,,,,,,,,,,,,,,,,,,,,,,,,,,,,,,,,,,,,,,,,,,,,,,,,,,,,,,,,,,,,,,,,,,,,,,,,,,,,,,,,,,,,,,,,,,,,,,,,,,,,,,,,,,,,,,,,,,,,,,,,,,,,,,,,,,,,,,,,,,,,,,,,,,,,,
355-911-BI,Dairy Milking,0355 - Dairy Barn Milking Parlor,"6,466","4,954","4,111","3,863","4,267","3,800","4,140","9,324","5,386","4,700","3,305","4,326","15,531","11,930","18,850","12,331","58,642",,,,,,,,,,,,,,,,,,,,,,,,,,,,,,,,,,,,,,,,,,,,,,,,,,,,,,,,,,,,,,,,,,,,,,,,,,,,,,,,,,,,,,,,,,,,,,,,,,,,,,,,,,,,,,,,,,,,,,,,,,,,,,,,,,,,,,,,,,,,,,,,,,,,,,,,,,,,,,,,,,,
176-618-NO,FUMIG. SHOP,0176 - Fumigatorium & Shop,"2,107","3,464","2,904","3,091","4,500","6,424","5,083","15,135","6,169","4,165",954,"2,401","8,475","14,015","26,387","7,520","56,397",,,,,,,,,,,,,,,,,,,,,,,,,,,,,,,,,,,,,,,,,,,,,,,,,,,,,,,,,,,,,,,,,,,,,,,,,,,,,,,,,,,,,,,,,,,,,,,,,,,,,,,,,,,,,,,,,,,,,,,,,,,,,,,,,,,,,,,,,,,,,,,,,,,,,,,,,,,,,,,,,,,
107-209-NO,Native American Long House.,0085 - Native American Longhouse Eena Haws,"2,960","3,280","2,400","3,240","3,240","3,680","9,900","8,080","7,100","2,240","4,600","1,680","8,640","10,160","25,080","8,520","52,400",,,,,,,,,,,,,,,,,,,,,,,,,,,,,,,,,,,,,,,,,,,,,,,,,,,,,,,,,,,,,,,,,,,,,,,,,,,,,,,,,,,,,,,,,,,,,,,,,,,,,,,,,,,,,,,,,,,,,,,,,,,,,,,,,,,,,,,,,,,,,,,,,,,,,,,,,,,,,,,,,,,
020-552-LG,MILNE CC,0020 - Milne Computer Center,"3,460","3,990","3,990","4,729","3,790","3,700","5,000","5,816","3,300","6,062","3,802","2,900","11,440","12,219","14,116","12,764","50,539",,,,,,,,,,,,,,,,,,,,,,,,,,,,,,,,,,,,,,,,,,,,,,,,,,,,,,,,,,,,,,,,,,,,,,,,,,,,,,,,,,,,,,,,,,,,,,,,,,,,,,,,,,,,,,,,,,,,,,,,,,,,,,,,,,,,,,,,,,,,,,,,,,,,,,,,,,,,,,,,,,,
19733981-001-298,3550 SW Deschutes Street,0229 - Team Oregon Building ,"3,760","4,000","3,720","3,360","3,560","4,440","4,560","4,640","4,640","2,960","2,440","3,040","11,480","11,360","13,840","8,440","45,120",,,,,,,,,,,,,,,,,,,,,,,,,,,,,,,,,,,,,,,,,,,,,,,,,,,,,,,,,,,,,,,,,,,,,,,,,,,,,,,,,,,,,,,,,,,,,,,,,,,,,,,,,,,,,,,,,,,,,,,,,,,,,,,,,,,,,,,,,,,,,,,,,,,,,,,,,,,,,,,,,,,
074-EstGrnHse,EAST GRNHSE,0074 - East Greenhouse,"2,786","2,496","2,657","1,889","2,951","3,045","4,526","7,915","4,439","3,900","2,500","4,843","7,939","7,885","16,880","11,243","43,947",,,,,,,,,,,,,,,,,,,,,,,,,,,,,,,,,,,,,,,,,,,,,,,,,,,,,,,,,,,,,,,,,,,,,,,,,,,,,,,,,,,,,,,,,,,,,,,,,,,,,,,,,,,,,,,,,,,,,,,,,,,,,,,,,,,,,,,,,,,,,,,,,,,,,,,,,,,,,,,,,,,
19733981-001-289,Cesar Chavez Cultural Ctr,0813 - Centro Cultural Cesar Chavez,"3,000","3,400","2,920","2,640","2,840","3,720","4,320","4,360","4,320","2,800","2,560","2,480","9,320","9,200","13,000","7,840","39,360",,,,,,,,,,,,,,,,,,,,,,,,,,,,,,,,,,,,,,,,,,,,,,,,,,,,,,,,,,,,,,,,,,,,,,,,,,,,,,,,,,,,,,,,,,,,,,,,,,,,,,,,,,,,,,,,,,,,,,,,,,,,,,,,,,,,,,,,,,,,,,,,,,,,,,,,,,,,,,,,,,,
826-001-E,Asian Pacific Cultural Center,0826 - Asian & Pacific Cultural Center,"3,000","1,000","2,000","2,000","4,000","1,680","5,913","4,407","8,884","1,723","2,147","1,543","6,000","7,680","19,204","5,413","38,297",,,,,,,,,,,,,,,,,,,,,,,,,,,,,,,,,,,,,,,,,,,,,,,,,,,,,,,,,,,,,,,,,,,,,,,,,,,,,,,,,,,,,,,,,,,,,,,,,,,,,,,,,,,,,,,,,,,,,,,,,,,,,,,,,,,,,,,,,,,,,,,,,,,,,,,,,,,,,,,,,,,
116-000-E,Heckart Lodge,0116 - Heckart Lodge,"4,160","2,880","3,200","3,200","3,200","1,600","4,000","3,680","3,360","2,400","4,800","3,680","10,240","8,000","11,040","10,880","40,160",,,,,,,,,,,,,,,,,,,,,,,,,,,,,,,,,,,,,,,,,,,,,,,,,,,,,,,,,,,,,,,,,,,,,,,,,,,,,,,,,,,,,,,,,,,,,,,,,,,,,,,,,,,,,,,,,,,,,,,,,,,,,,,,,,,,,,,,,,,,,,,,,,,,,,,,,,,,,,,,,,,
19733981-001-223,Hazard Disposal Site 195 SW 35th,0141 - Environmental Health & Safety Annex,0,0,0,0,0,"9,070","8,904","8,904","8,888",0,0,0,0,"9,070","26,696",0,"35,766",,,,,,,,,,,,,,,,,,,,,,,,,,,,,,,,,,,,,,,,,,,,,,,,,,,,,,,,,,,,,,,,,,,,,,,,,,,,,,,,,,,,,,,,,,,,,,,,,,,,,,,,,,,,,,,,,,,,,,,,,,,,,,,,,,,,,,,,,,,,,,,,,,,,,,,,,,,,,,,,,,,
162-423-BI,VET DAIRY BN,0162 - Vet Dairy Barn,"2,987","3,370","2,414","2,131","2,507","3,296","2,121","4,563","3,995","3,600","4,386","1,494","8,771","7,934","10,679","9,480","36,864",,,,,,,,,,,,,,,,,,,,,,,,,,,,,,,,,,,,,,,,,,,,,,,,,,,,,,,,,,,,,,,,,,,,,,,,,,,,,,,,,,,,,,,,,,,,,,,,,,,,,,,,,,,,,,,,,,,,,,,,,,,,,,,,,,,,,,,,,,,,,,,,,,,,,,,,,,,,,,,,,,,
135-984-BO,Motor Pool Note I,0135 - Motor Pool,"2,387","2,067","2,753","2,445","3,082","2,462","4,108","5,934","3,778","1,880","2,456","2,335","7,207","7,989","13,820","6,671","35,687",,,,,,,,,,,,,,,,,,,,,,,,,,,,,,,,,,,,,,,,,,,,,,,,,,,,,,,,,,,,,,,,,,,,,,,,,,,,,,,,,,,,,,,,,,,,,,,,,,,,,,,,,,,,,,,,,,,,,,,,,,,,,,,,,,,,,,,,,,,,,,,,,,,,,,,,,,,,,,,,,,,
19733981-001-299,2320 NW Monroe Ave Corvallis,0835 - Harris Black Cultural Center,"2,120","1,680","2,200","1,800","2,120","3,160","4,120","4,360","3,280","3,080","2,360","1,640","6,000","7,080","11,760","7,080","31,920",,,,,,,,,,,,,,,,,,,,,,,,,,,,,,,,,,,,,,,,,,,,,,,,,,,,,,,,,,,,,,,,,,,,,,,,,,,,,,,,,,,,,,,,,,,,,,,,,,,,,,,,,,,,,,,,,,,,,,,,,,,,,,,,,,,,,,,,,,,,,,,,,,,,,,,,,,,,,,,,,,,
COAS PAD CH,COAS Pad ,0224 - Coastal Oceanography Lab,"2,000","3,000","1,000","1,500","1,500","1,000","3,000","5,000","4,000","6,000","1,300",0,"6,000","4,000","12,000","7,300","29,300",,,,,,,,,,,,,,,,,,,,,,,,,,,,,,,,,,,,,,,,,,,,,,,,,,,,,,,,,,,,,,,,,,,,,,,,,,,,,,,,,,,,,,,,,,,,,,,,,,,,,,,,,,,,,,,,,,,,,,,,,,,,,,,,,,,,,,,,,,,,,,,,,,,,,,,,,,,,,,,,,,,
060-Adams,ADAMS HALL,0060 - Adams Hall,"7,801","5,992","4,101","2,536","2,536","1,171","3,944",606,150,,0,0,"17,894","6,243","4,700",0,"28,837",,,,,,,,,,,,,,,,,,,,,,,,,,,,,,,,,,,,,,,,,,,,,,,,,,,,,,,,,,,,,,,,,,,,,,,,,,,,,,,,,,,,,,,,,,,,,,,,,,,,,,,,,,,,,,,,,,,,,,,,,,,,,,,,,,,,,,,,,,,,,,,,,,,,,,,,,,,,,,,,,,,
19733981-001-328,Dawes House,0817 - Dawes House,"2,572","2,830","2,703","2,539","2,558","2,812","2,707","2,587","2,587","2,257","2,299","2,273","8,105","7,909","7,881","6,829","30,724",,,,,,,,,,,,,,,,,,,,,,,,,,,,,,,,,,,,,,,,,,,,,,,,,,,,,,,,,,,,,,,,,,,,,,,,,,,,,,,,,,,,,,,,,,,,,,,,,,,,,,,,,,,,,,,,,,,,,,,,,,,,,,,,,,,,,,,,,,,,,,,,,,,,,,,,,,,,,,,,,,,
19733981-001-336,BotanyA,0479 - BF Botany Plant Path Scre,"1,692","1,279","1,427","1,759","3,044","3,819","3,707","4,261","4,672",263,"1,999","1,878","4,398","8,622","12,640","4,140","29,800",,,,,,,,,,,,,,,,,,,,,,,,,,,,,,,,,,,,,,,,,,,,,,,,,,,,,,,,,,,,,,,,,,,,,,,,,,,,,,,,,,,,,,,,,,,,,,,,,,,,,,,,,,,,,,,,,,,,,,,,,,,,,,,,,,,,,,,,,,,,,,,,,,,,,,,,,,,,,,,,,,,
19733981-001-263,Rowing Club Barn   ,0472 - Beach Barn,"1,640","1,960","2,200","2,640","2,720","2,880","2,680","2,800","3,160","2,440","2,120","1,800","5,800","8,240","8,640","6,360","29,040",,,,,,,,,,,,,,,,,,,,,,,,,,,,,,,,,,,,,,,,,,,,,,,,,,,,,,,,,,,,,,,,,,,,,,,,,,,,,,,,,,,,,,,,,,,,,,,,,,,,,,,,,,,,,,,,,,,,,,,,,,,,,,,,,,,,,,,,,,,,,,,,,,,,,,,,,,,,,,,,,,,
014-821-NI,SHEPARD,0014 - Shepard Hall,"2,722","1,789","2,261","2,494","2,494","1,252","3,158","2,922","2,758","1,517","3,187","1,209","6,772","6,239","8,838","5,913","27,762",,,,,,,,,,,,,,,,,,,,,,,,,,,,,,,,,,,,,,,,,,,,,,,,,,,,,,,,,,,,,,,,,,,,,,,,,,,,,,,,,,,,,,,,,,,,,,,,,,,,,,,,,,,,,,,,,,,,,,,,,,,,,,,,,,,,,,,,,,,,,,,,,,,,,,,,,,,,,,,,,,,
19733981-001-335,33329 SE Peoria Rd-a,0466 - Lewis Brown Utility Buildings,"6,016","6,345","4,904","2,987",812,233,107,91,93,"1,106","2,352","5,193","17,265","4,032",291,"8,651","30,239",,,,,,,,,,,,,,,,,,,,,,,,,,,,,,,,,,,,,,,,,,,,,,,,,,,,,,,,,,,,,,,,,,,,,,,,,,,,,,,,,,,,,,,,,,,,,,,,,,,,,,,,,,,,,,,,,,,,,,,,,,,,,,,,,,,,,,,,,,,,,,,,,,,,,,,,,,,,,,,,,,,
173-504-NO,AERO LAB,0173 - Aero Engineering Lab,840,0,900,"1,410","2,300","3,700","5,200","4,700","2,200","2,100","1,360",860,"1,740","7,410","12,100","4,320","25,570",,,,,,,,,,,,,,,,,,,,,,,,,,,,,,,,,,,,,,,,,,,,,,,,,,,,,,,,,,,,,,,,,,,,,,,,,,,,,,,,,,,,,,,,,,,,,,,,,,,,,,,,,,,,,,,,,,,,,,,,,,,,,,,,,,,,,,,,,,,,,,,,,,,,,,,,,,,,,,,,,,,
19733981-001-230,RadCtr-F104 ANSEL Actual ,0098 - Radiation Center,"1,360","1,600","1,440","1,120","1,200","2,240","4,400","4,640","3,040","1,360","1,600","1,200","4,400","4,560","12,080","4,160","25,200",,,,,,,,,,,,,,,,,,,,,,,,,,,,,,,,,,,,,,,,,,,,,,,,,,,,,,,,,,,,,,,,,,,,,,,,,,,,,,,,,,,,,,,,,,,,,,,,,,,,,,,,,,,,,,,,,,,,,,,,,,,,,,,,,,,,,,,,,,,,,,,,,,,,,,,,,,,,,,,,,,,
19733981-001-277,26th & Western Blvd Pkg,4028 - Western Blvd,0,0,0,0,"4,141","4,923","5,152","5,152","4,409",0,0,0,0,"9,064","14,713",0,"23,777",,,,,,,,,,,,,,,,,,,,,,,,,,,,,,,,,,,,,,,,,,,,,,,,,,,,,,,,,,,,,,,,,,,,,,,,,,,,,,,,,,,,,,,,,,,,,,,,,,,,,,,,,,,,,,,,,,,,,,,,,,,,,,,,,,,,,,,,,,,,,,,,,,,,,,,,,,,,,,,,,,,
19733981-001-241,Rowing Club Barn Temp Svc,0470 - Stevens Crewhouse,"1,188","1,418","1,607","2,027","2,696","2,822","2,441","2,806","2,537","1,849","1,544","1,370","4,213","7,545","7,784","4,763","24,305",,,,,,,,,,,,,,,,,,,,,,,,,,,,,,,,,,,,,,,,,,,,,,,,,,,,,,,,,,,,,,,,,,,,,,,,,,,,,,,,,,,,,,,,,,,,,,,,,,,,,,,,,,,,,,,,,,,,,,,,,,,,,,,,,,,,,,,,,,,,,,,,,,,,,,,,,,,,,,,,,,,
19733981-001-362,PeorRdLBrwnFarm,0466 - Lewis Brown Utility Buildings,"3,765","4,184","2,703","1,049",976,"1,656","1,990","2,418","1,422",805,"1,541","3,046","10,652","3,681","5,830","5,392","25,555",,,,,,,,,,,,,,,,,,,,,,,,,,,,,,,,,,,,,,,,,,,,,,,,,,,,,,,,,,,,,,,,,,,,,,,,,,,,,,,,,,,,,,,,,,,,,,,,,,,,,,,,,,,,,,,,,,,,,,,,,,,,,,,,,,,,,,,,,,,,,,,,,,,,,,,,,,,,,,,,,,,
19733981-001-339,3480 SW Western Blvd,0372 - President's Residence,"2,112","2,162","1,935","1,300","1,610","2,159","2,104","2,334","1,952","1,601","1,351","1,331","6,209","5,069","6,390","4,283","21,951",,,,,,,,,,,,,,,,,,,,,,,,,,,,,,,,,,,,,,,,,,,,,,,,,,,,,,,,,,,,,,,,,,,,,,,,,,,,,,,,,,,,,,,,,,,,,,,,,,,,,,,,,,,,,,,,,,,,,,,,,,,,,,,,,,,,,,,,,,,,,,,,,,,,,,,,,,,,,,,,,,,
19733981-001-387,34346 NE Electric Rd Corvallis OR,0482 - VF Little Greenhouse,"1,480","1,495","1,602",,"2,077","2,392","3,637","2,265","1,825","1,681","1,695","1,646","4,577","4,469","7,727","5,022","21,795",,,,,,,,,,,,,,,,,,,,,,,,,,,,,,,,,,,,,,,,,,,,,,,,,,,,,,,,,,,,,,,,,,,,,,,,,,,,,,,,,,,,,,,,,,,,,,,,,,,,,,,,,,,,,,,,,,,,,,,,,,,,,,,,,,,,,,,,,,,,,,,,,,,,,,,,,,,,,,,,,,,
19733981-001-398,1553 SW A Ave Corvallis OR,0853 - Pride Center,"1,666","1,580","1,564","1,575","1,885","2,200","2,357","2,139","1,886","1,723","1,524","1,596","4,810","5,660","6,382","4,843","21,695",,,,,,,,,,,,,,,,,,,,,,,,,,,,,,,,,,,,,,,,,,,,,,,,,,,,,,,,,,,,,,,,,,,,,,,,,,,,,,,,,,,,,,,,,,,,,,,,,,,,,,,,,,,,,,,,,,,,,,,,,,,,,,,,,,,,,,,,,,,,,,,,,,,,,,,,,,,,,,,,,,,
091-051-NO,GILMORE AN.,0091 - Gilmore Annex,"2,720","1,920","2,400","1,760","1,440",960,800,"1,920","1,440",960,"1,760","1,300","7,040","4,160","4,160","4,020","19,380",,,,,,,,,,,,,,,,,,,,,,,,,,,,,,,,,,,,,,,,,,,,,,,,,,,,,,,,,,,,,,,,,,,,,,,,,,,,,,,,,,,,,,,,,,,,,,,,,,,,,,,,,,,,,,,,,,,,,,,,,,,,,,,,,,,,,,,,,,,,,,,,,,,,,,,,,,,,,,,,,,,
19733981-001-331,Pkg Lot-Wash & 11th-a,3227 - Washington Ave and 11th St SE Lot,"1,262","1,165","1,265","1,315","1,585","1,805","1,734","1,549","1,555","1,339","1,197",965,"3,692","4,705","4,838","3,501","16,736",,,,,,,,,,,,,,,,,,,,,,,,,,,,,,,,,,,,,,,,,,,,,,,,,,,,,,,,,,,,,,,,,,,,,,,,,,,,,,,,,,,,,,,,,,,,,,,,,,,,,,,,,,,,,,,,,,,,,,,,,,,,,,,,,,,,,,,,,,,,,,,,,,,,,,,,,,,,,,,,,,,
19733981-001-136,Phys Plant-SW 11th & Jeff,0032 - The Information Booth,"1,080",960,600,"1,200","1,360","1,840","1,360","1,240","1,800","1,520","1,840","2,000","2,640","4,400","4,400","5,360","16,800",,,,,,,,,,,,,,,,,,,,,,,,,,,,,,,,,,,,,,,,,,,,,,,,,,,,,,,,,,,,,,,,,,,,,,,,,,,,,,,,,,,,,,,,,,,,,,,,,,,,,,,,,,,,,,,,,,,,,,,,,,,,,,,,,,,,,,,,,,,,,,,,,,,,,,,,,,,,,,,,,,,
TFH-502-FO,Turkey Fm Hse,0374 - TF Residence - Turkey Farm,573,99,550,252,"2,545",437,"2,112","4,475",127,"1,900","1,583",219,"1,222","3,234","6,714","3,702","14,872",,,,,,,,,,,,,,,,,,,,,,,,,,,,,,,,,,,,,,,,,,,,,,,,,,,,,,,,,,,,,,,,,,,,,,,,,,,,,,,,,,,,,,,,,,,,,,,,,,,,,,,,,,,,,,,,,,,,,,,,,,,,,,,,,,,,,,,,,,,,,,,,,,,,,,,,,,,,,,,,,,,
19733981-001-366,4575 SW Research Way Corvallis,0520 - Research Way Laboratory,"1,079","1,066","1,052","1,166","1,363","1,697","1,868","1,600","1,385","1,122","1,017",871,"3,197","4,226","4,853","3,010","15,286",,,,,,,,,,,,,,,,,,,,,,,,,,,,,,,,,,,,,,,,,,,,,,,,,,,,,,,,,,,,,,,,,,,,,,,,,,,,,,,,,,,,,,,,,,,,,,,,,,,,,,,,,,,,,,,,,,,,,,,,,,,,,,,,,,,,,,,,,,,,,,,,,,,,,,,,,,,,,,,,,,,
053-000-E,McAlexFldHouse - Ath Area,0053 - McAlexander Fieldhouse,"1,734","1,153","1,317","1,359","1,068",996,"1,180","2,085","1,321","1,149","1,032","1,018","4,204","3,423","4,586","3,199","15,412",,,,,,,,,,,,,,,,,,,,,,,,,,,,,,,,,,,,,,,,,,,,,,,,,,,,,,,,,,,,,,,,,,,,,,,,,,,,,,,,,,,,,,,,,,,,,,,,,,,,,,,,,,,,,,,,,,,,,,,,,,,,,,,,,,,,,,,,,,,,,,,,,,,,,,,,,,,,,,,,,,,
19733981-001-329,General-560 SW 15th,0046 - Physical Plant Shops,"1,113","1,042","1,096","1,167","1,189","1,390","1,182","1,281","1,346","1,182","1,138","1,142","3,251","3,746","3,809","3,462","14,268",,,,,,,,,,,,,,,,,,,,,,,,,,,,,,,,,,,,,,,,,,,,,,,,,,,,,,,,,,,,,,,,,,,,,,,,,,,,,,,,,,,,,,,,,,,,,,,,,,,,,,,,,,,,,,,,,,,,,,,,,,,,,,,,,,,,,,,,,,,,,,,,,,,,,,,,,,,,,,,,,,,
19733981-001-183,NE Electric Rd Fish & W-Note R,0485 - Fisheries And Wildlife Office,417,325,309,565,"1,255","1,630","1,946","1,861","1,624","1,104",871,579,"1,051","3,450","5,431","2,554","12,486",,,,,,,,,,,,,,,,,,,,,,,,,,,,,,,,,,,,,,,,,,,,,,,,,,,,,,,,,,,,,,,,,,,,,,,,,,,,,,,,,,,,,,,,,,,,,,,,,,,,,,,,,,,,,,,,,,,,,,,,,,,,,,,,,,,,,,,,,,,,,,,,,,,,,,,,,,,,,,,,,,,
374-532-BO,Turkey Mill,0374 - TF Residence - Turkey Farm,"1,614","1,135",875,872,927,770,"2,060",573,896,"1,507",443,749,"3,624","2,569","3,529","2,699","12,421",,,,,,,,,,,,,,,,,,,,,,,,,,,,,,,,,,,,,,,,,,,,,,,,,,,,,,,,,,,,,,,,,,,,,,,,,,,,,,,,,,,,,,,,,,,,,,,,,,,,,,,,,,,,,,,,,,,,,,,,,,,,,,,,,,,,,,,,,,,,,,,,,,,,,,,,,,,,,,,,,,,
029-Benton Annx.,BENTON ANNEX.,0029 - Hattie Redmond Women and Gender Center,"1,920","1,162","1,231",981,981,453,"1,172",923,923,639,"1,183",981,"4,313","2,414","3,018","2,803","12,547",,,,,,,,,,,,,,,,,,,,,,,,,,,,,,,,,,,,,,,,,,,,,,,,,,,,,,,,,,,,,,,,,,,,,,,,,,,,,,,,,,,,,,,,,,,,,,,,,,,,,,,,,,,,,,,,,,,,,,,,,,,,,,,,,,,,,,,,,,,,,,,,,,,,,,,,,,,,,,,,,,,
145-003-E,Student Legacy Park - 480V Site Lighting,5005 - Student Legacy Park,776,804,"1,318","1,211","1,211",643,"1,809",940,"1,264",623,872,549,"2,898","3,065","4,013","2,044","12,020",,,,,,,,,,,,,,,,,,,,,,,,,,,,,,,,,,,,,,,,,,,,,,,,,,,,,,,,,,,,,,,,,,,,,,,,,,,,,,,,,,,,,,,,,,,,,,,,,,,,,,,,,,,,,,,,,,,,,,,,,,,,,,,,,,,,,,,,,,,,,,,,,,,,,,,,,,,,,,,,,,,
19733981-001-094,Orchard Parking Lights,3322 - Orchard Court Lot,706,714,816,954,"1,023","1,402","1,814","1,318","1,031",855,785,761,"2,236","3,379","4,163","2,401","12,179",,,,,,,,,,,,,,,,,,,,,,,,,,,,,,,,,,,,,,,,,,,,,,,,,,,,,,,,,,,,,,,,,,,,,,,,,,,,,,,,,,,,,,,,,,,,,,,,,,,,,,,,,,,,,,,,,,,,,,,,,,,,,,,,,,,,,,,,,,,,,,,,,,,,,,,,,,,,,,,,,,,
19733981-001-107,Rad Lab-Rad Ctr F104 ATHRL,0098 - Radiation Center,240,320,"3,520",160,240,160,240,160,"1,840",400,"4,000","3,520","4,080",560,"2,240","7,920","14,800",,,,,,,,,,,,,,,,,,,,,,,,,,,,,,,,,,,,,,,,,,,,,,,,,,,,,,,,,,,,,,,,,,,,,,,,,,,,,,,,,,,,,,,,,,,,,,,,,,,,,,,,,,,,,,,,,,,,,,,,,,,,,,,,,,,,,,,,,,,,,,,,,,,,,,,,,,,,,,,,,,,
19733981-001-081,Rad Ctr-Westnghs- F100 APEX,0098 - Radiation Center,880,800,"1,280","1,120",880,960,880,"1,040",380,900,600,900,"2,960","2,960","2,300","2,400","10,620",,,,,,,,,,,,,,,,,,,,,,,,,,,,,,,,,,,,,,,,,,,,,,,,,,,,,,,,,,,,,,,,,,,,,,,,,,,,,,,,,,,,,,,,,,,,,,,,,,,,,,,,,,,,,,,,,,,,,,,,,,,,,,,,,,,,,,,,,,,,,,,,,,,,,,,,,,,,,,,,,,,
351-681-BO,Farm Ctr,0351 - Farm Service,0,160,370,580,"1,030","1,450","2,100","1,460",980,"1,190",363,364,530,"3,060","4,540","1,917","10,047",,,,,,,,,,,,,,,,,,,,,,,,,,,,,,,,,,,,,,,,,,,,,,,,,,,,,,,,,,,,,,,,,,,,,,,,,,,,,,,,,,,,,,,,,,,,,,,,,,,,,,,,,,,,,,,,,,,,,,,,,,,,,,,,,,,,,,,,,,,,,,,,,,,,,,,,,,,,,,,,,,,
172-163-NO,OCEANOGRAPHY,0172 - Oceanography Staging Bldg (Cyclatron),548,660,473,"1,249","1,249",701,"1,170","1,988",301,154,906,393,"1,681","3,198","3,459","1,453","9,791",,,,,,,,,,,,,,,,,,,,,,,,,,,,,,,,,,,,,,,,,,,,,,,,,,,,,,,,,,,,,,,,,,,,,,,,,,,,,,,,,,,,,,,,,,,,,,,,,,,,,,,,,,,,,,,,,,,,,,,,,,,,,,,,,,,,,,,,,,,,,,,,,,,,,,,,,,,,,,,,,,,
374-528-BO,Turkey Brdr,0374 - TF Residence - Turkey Farm,415,290,246,221,378,705,"3,269","2,715",645,430,76,170,951,"1,304","6,629",676,"9,560",,,,,,,,,,,,,,,,,,,,,,,,,,,,,,,,,,,,,,,,,,,,,,,,,,,,,,,,,,,,,,,,,,,,,,,,,,,,,,,,,,,,,,,,,,,,,,,,,,,,,,,,,,,,,,,,,,,,,,,,,,,,,,,,,,,,,,,,,,,,,,,,,,,,,,,,,,,,,,,,,,,
19733981-001-060,Azalea House,0026 - Azalea House,"5,276","3,919",,,,,,,,,,,"9,195",0,0,0,"9,195",,,,,,,,,,,,,,,,,,,,,,,,,,,,,,,,,,,,,,,,,,,,,,,,,,,,,,,,,,,,,,,,,,,,,,,,,,,,,,,,,,,,,,,,,,,,,,,,,,,,,,,,,,,,,,,,,,,,,,,,,,,,,,,,,,,,,,,,,,,,,,,,,,,,,,,,,,,,,,,,,,,
135-602-BO,Motor PoolB,0135 - Motor Pool,0,648,"1,008","1,548","1,908","1,692","1,332",144,144,72,72,36,"1,656","5,148","1,620",180,"8,604",,,,,,,,,,,,,,,,,,,,,,,,,,,,,,,,,,,,,,,,,,,,,,,,,,,,,,,,,,,,,,,,,,,,,,,,,,,,,,,,,,,,,,,,,,,,,,,,,,,,,,,,,,,,,,,,,,,,,,,,,,,,,,,,,,,,,,,,,,,,,,,,,,,,,,,,,,,,,,,,,,,
145-002-E,Student Legacy Park - 240V Wash Way Lights,5005 - Student Legacy Park,812,770,950,760,916,"1,048","1,090",0,0,925,776,770,"2,532","2,724","1,090","2,471","8,817",,,,,,,,,,,,,,,,,,,,,,,,,,,,,,,,,,,,,,,,,,,,,,,,,,,,,,,,,,,,,,,,,,,,,,,,,,,,,,,,,,,,,,,,,,,,,,,,,,,,,,,,,,,,,,,,,,,,,,,,,,,,,,,,,,,,,,,,,,,,,,,,,,,,,,,,,,,,,,,,,,,
309-015-BO,Turkey A/B,0308 - Turkey Breeder House,"1,245",608,451,292,262,351,"1,883",531,426,733,506,291,"2,304",905,"2,840","1,530","7,579",,,,,,,,,,,,,,,,,,,,,,,,,,,,,,,,,,,,,,,,,,,,,,,,,,,,,,,,,,,,,,,,,,,,,,,,,,,,,,,,,,,,,,,,,,,,,,,,,,,,,,,,,,,,,,,,,,,,,,,,,,,,,,,,,,,,,,,,,,,,,,,,,,,,,,,,,,,,,,,,,,,
175-684-BI,Sat. Control,0175 - Entomology Machine Storage,354,590,578,681,985,657,419,970,471,"1,428",53,54,"1,522","2,323","1,860","1,535","7,240",,,,,,,,,,,,,,,,,,,,,,,,,,,,,,,,,,,,,,,,,,,,,,,,,,,,,,,,,,,,,,,,,,,,,,,,,,,,,,,,,,,,,,,,,,,,,,,,,,,,,,,,,,,,,,,,,,,,,,,,,,,,,,,,,,,,,,,,,,,,,,,,,,,,,,,,,,,,,,,,,,,
347-453-BO,Beef Barn,0365 - Beef Pole Barn,308,360,334,874,761,555,740,"1,448",834,318,328,371,"1,002","2,190","3,022","1,017","7,231",,,,,,,,,,,,,,,,,,,,,,,,,,,,,,,,,,,,,,,,,,,,,,,,,,,,,,,,,,,,,,,,,,,,,,,,,,,,,,,,,,,,,,,,,,,,,,,,,,,,,,,,,,,,,,,,,,,,,,,,,,,,,,,,,,,,,,,,,,,,,,,,,,,,,,,,,,,,,,,,,,,
19733981-001-388,740 SW 15th St Schedule 4,0216 - 740 SW 15th Street,478,492,315,392,544,588,566,621,595,523,509,533,"1,285","1,524","1,782","1,565","6,156",,,,,,,,,,,,,,,,,,,,,,,,,,,,,,,,,,,,,,,,,,,,,,,,,,,,,,,,,,,,,,,,,,,,,,,,,,,,,,,,,,,,,,,,,,,,,,,,,,,,,,,,,,,,,,,,,,,,,,,,,,,,,,,,,,,,,,,,,,,,,,,,,,,,,,,,,,,,,,,,,,,
19733981-001-364,1780 SW 3RD St # A Corvallis OR,2077 - Mill Race Center,546,477,494,469,493,507,467,466,487,447,505,490,"1,517","1,469","1,420","1,442","5,848",,,,,,,,,,,,,,,,,,,,,,,,,,,,,,,,,,,,,,,,,,,,,,,,,,,,,,,,,,,,,,,,,,,,,,,,,,,,,,,,,,,,,,,,,,,,,,,,,,,,,,,,,,,,,,,,,,,,,,,,,,,,,,,,,,,,,,,,,,,,,,,,,,,,,,,,,,,,,,,,,,,
19733981-001-285,30Hp 'east pump',0486 - SM Smith Farm Equip Bldg,"1,472","1,847","1,693",277,2,2,1,1,1,2,50,606,"5,012",281,3,658,"5,954",,,,,,,,,,,,,,,,,,,,,,,,,,,,,,,,,,,,,,,,,,,,,,,,,,,,,,,,,,,,,,,,,,,,,,,,,,,,,,,,,,,,,,,,,,,,,,,,,,,,,,,,,,,,,,,,,,,,,,,,,,,,,,,,,,,,,,,,,,,,,,,,,,,,,,,,,,,,,,,,,,,
139-745-BO,Grnhse 18,0139 - West Greenhouse (W6&7),886,742,858,333,364,371,520,386,284,225,344,478,"2,486","1,068","1,190","1,047","5,791",,,,,,,,,,,,,,,,,,,,,,,,,,,,,,,,,,,,,,,,,,,,,,,,,,,,,,,,,,,,,,,,,,,,,,,,,,,,,,,,,,,,,,,,,,,,,,,,,,,,,,,,,,,,,,,,,,,,,,,,,,,,,,,,,,,,,,,,,,,,,,,,,,,,,,,,,,,,,,,,,,,
19733981-001-296,15th & Washington-meter,4019 - 15th Street,352,355,411,485,620,684,563,492,477,388,347,317,"1,118","1,789","1,532","1,052","5,491",,,,,,,,,,,,,,,,,,,,,,,,,,,,,,,,,,,,,,,,,,,,,,,,,,,,,,,,,,,,,,,,,,,,,,,,,,,,,,,,,,,,,,,,,,,,,,,,,,,,,,,,,,,,,,,,,,,,,,,,,,,,,,,,,,,,,,,,,,,,,,,,,,,,,,,,,,,,,,,,,,,
139-747-BO,Grnhse 19,0139 - West Greenhouse (W6&7),854,774,982,226,252,261,371,396,377,292,372,532,"2,610",739,"1,144","1,196","5,689",,,,,,,,,,,,,,,,,,,,,,,,,,,,,,,,,,,,,,,,,,,,,,,,,,,,,,,,,,,,,,,,,,,,,,,,,,,,,,,,,,,,,,,,,,,,,,,,,,,,,,,,,,,,,,,,,,,,,,,,,,,,,,,,,,,,,,,,,,,,,,,,,,,,,,,,,,,,,,,,,,,
19733981-001-370,1780 SW 3RD St # Wrhse Corvallis OR,2077 - Mill Race Center,400,320,360,400,520,440,320,600,560,560,560,520,"1,080","1,360","1,480","1,640","5,560",,,,,,,,,,,,,,,,,,,,,,,,,,,,,,,,,,,,,,,,,,,,,,,,,,,,,,,,,,,,,,,,,,,,,,,,,,,,,,,,,,,,,,,,,,,,,,,,,,,,,,,,,,,,,,,,,,,,,,,,,,,,,,,,,,,,,,,,,,,,,,,,,,,,,,,,,,,,,,,,,,,
19733981-001-344,General-1105 363600 Corvallis,0366 - Precision Agricultural Systems Center,"1,536","1,971",497,23,22,22,20,19,21,19,415,817,"4,004",67,60,"1,251","5,382",,,,,,,,,,,,,,,,,,,,,,,,,,,,,,,,,,,,,,,,,,,,,,,,,,,,,,,,,,,,,,,,,,,,,,,,,,,,,,,,,,,,,,,,,,,,,,,,,,,,,,,,,,,,,,,,,,,,,,,,,,,,,,,,,,,,,,,,,,,,,,,,,,,,,,,,,,,,,,,,,,,
19733981-001-317,16th and A Parking Lot,Parking Lot,328,324,345,407,439,537,489,394,346,278,233,214,997,"1,383","1,229",725,"4,334",,,,,,,,,,,,,,,,,,,,,,,,,,,,,,,,,,,,,,,,,,,,,,,,,,,,,,,,,,,,,,,,,,,,,,,,,,,,,,,,,,,,,,,,,,,,,,,,,,,,,,,,,,,,,,,,,,,,,,,,,,,,,,,,,,,,,,,,,,,,,,,,,,,,,,,,,,,,,,,,,,,
19733981-001-390,648 SW 2nd St #100 Corvallis OR,648 SW 2nd St #100 Corvallis OR,329,375,350,250,287,414,527,481,369,280,268,273,"1,054",951,"1,377",821,"4,203",,,,,,,,,,,,,,,,,,,,,,,,,,,,,,,,,,,,,,,,,,,,,,,,,,,,,,,,,,,,,,,,,,,,,,,,,,,,,,,,,,,,,,,,,,,,,,,,,,,,,,,,,,,,,,,,,,,,,,,,,,,,,,,,,,,,,,,,,,,,,,,,,,,,,,,,,,,,,,,,,,,
19733981-001-361,Fairplay 1,0569 - Fairplay West Lab,,515,500,377,370,453,470,321,278,282,291,354,"1,015","1,200","1,069",927,"4,211",,,,,,,,,,,,,,,,,,,,,,,,,,,,,,,,,,,,,,,,,,,,,,,,,,,,,,,,,,,,,,,,,,,,,,,,,,,,,,,,,,,,,,,,,,,,,,,,,,,,,,,,,,,,,,,,,,,,,,,,,,,,,,,,,,,,,,,,,,,,,,,,,,,,,,,,,,,,,,,,,,,
19733981-001-396,3455 NE Granger Ave Corvallis OR,0455 - Hyslop Farm Field Research Lab,121,102,111,230,362,493,885,674,339,135,98,101,334,"1,085","1,898",334,"3,651",,,,,,,,,,,,,,,,,,,,,,,,,,,,,,,,,,,,,,,,,,,,,,,,,,,,,,,,,,,,,,,,,,,,,,,,,,,,,,,,,,,,,,,,,,,,,,,,,,,,,,,,,,,,,,,,,,,,,,,,,,,,,,,,,,,,,,,,,,,,,,,,,,,,,,,,,,,,,,,,,,,
TTR-972-FO,Turkey Fm Trlr,0375 - TF - Turkey Brooder,238,174,160,135,188,153,211,325,169,251,"1,215",98,572,476,705,"1,564","3,317",,,,,,,,,,,,,,,,,,,,,,,,,,,,,,,,,,,,,,,,,,,,,,,,,,,,,,,,,,,,,,,,,,,,,,,,,,,,,,,,,,,,,,,,,,,,,,,,,,,,,,,,,,,,,,,,,,,,,,,,,,,,,,,,,,,,,,,,,,,,,,,,,,,,,,,,,,,,,,,,,,,
19733981-001-345,Beach Farm-New Pump,0472 - Beach Barn,741,"1,086","1,138",41,18,19,17,16,17,17,93,184,"2,965",78,50,294,"3,387",,,,,,,,,,,,,,,,,,,,,,,,,,,,,,,,,,,,,,,,,,,,,,,,,,,,,,,,,,,,,,,,,,,,,,,,,,,,,,,,,,,,,,,,,,,,,,,,,,,,,,,,,,,,,,,,,,,,,,,,,,,,,,,,,,,,,,,,,,,,,,,,,,,,,,,,,,,,,,,,,,,
155-448-BI,VET POLE ,0155 - Vet Horse Barn (Pole Bldg),138,147,221,205,205,404,550,550,244,260,170,199,506,814,"1,344",629,"3,293",,,,,,,,,,,,,,,,,,,,,,,,,,,,,,,,,,,,,,,,,,,,,,,,,,,,,,,,,,,,,,,,,,,,,,,,,,,,,,,,,,,,,,,,,,,,,,,,,,,,,,,,,,,,,,,,,,,,,,,,,,,,,,,,,,,,,,,,,,,,,,,,,,,,,,,,,,,,,,,,,,,
146-Bell,Clock Tower,0146 - Bell Tower,371,216,266,285,285,134,411,306,303,149,189,191,853,704,"1,020",529,"3,106",,,,,,,,,,,,,,,,,,,,,,,,,,,,,,,,,,,,,,,,,,,,,,,,,,,,,,,,,,,,,,,,,,,,,,,,,,,,,,,,,,,,,,,,,,,,,,,,,,,,,,,,,,,,,,,,,,,,,,,,,,,,,,,,,,,,,,,,,,,,,,,,,,,,,,,,,,,,,,,,,,,
175-861-BI,ENT. MACH.,0175 - Entomology Machine Storage,0,0,0,205,517,669,356,484,168,143,27,87,0,"1,391","1,008",257,"2,656",,,,,,,,,,,,,,,,,,,,,,,,,,,,,,,,,,,,,,,,,,,,,,,,,,,,,,,,,,,,,,,,,,,,,,,,,,,,,,,,,,,,,,,,,,,,,,,,,,,,,,,,,,,,,,,,,,,,,,,,,,,,,,,,,,,,,,,,,,,,,,,,,,,,,,,,,,,,,,,,,,,
19733981-001-334,PeorRdLBrwnFarm1-a,0466 - Lewis Brown Utility Buildings,243,232,240,210,195,223,189,188,201,216,215,227,715,628,578,658,"2,579",,,,,,,,,,,,,,,,,,,,,,,,,,,,,,,,,,,,,,,,,,,,,,,,,,,,,,,,,,,,,,,,,,,,,,,,,,,,,,,,,,,,,,,,,,,,,,,,,,,,,,,,,,,,,,,,,,,,,,,,,,,,,,,,,,,,,,,,,,,,,,,,,,,,,,,,,,,,,,,,,,,
19733981-001-333,General-SW 35th & SW Wash,0097 - UHDS Maintenance Center,0,0,0,0,179,412,568,568,556,0,0,0,0,591,"1,692",0,"2,283",,,,,,,,,,,,,,,,,,,,,,,,,,,,,,,,,,,,,,,,,,,,,,,,,,,,,,,,,,,,,,,,,,,,,,,,,,,,,,,,,,,,,,,,,,,,,,,,,,,,,,,,,,,,,,,,,,,,,,,,,,,,,,,,,,,,,,,,,,,,,,,,,,,,,,,,,,,,,,,,,,,
19733981-001-249,11th & Wash Parking Lot Lights,3227 - Washington Ave and 11th St SE Lot,141,110,100,185,243,294,277,241,235,189,164,149,351,722,753,502,"2,328",,,,,,,,,,,,,,,,,,,,,,,,,,,,,,,,,,,,,,,,,,,,,,,,,,,,,,,,,,,,,,,,,,,,,,,,,,,,,,,,,,,,,,,,,,,,,,,,,,,,,,,,,,,,,,,,,,,,,,,,,,,,,,,,,,,,,,,,,,,,,,,,,,,,,,,,,,,,,,,,,,,
19733981-001-367,Electric Rd,0466 - Lewis Brown Utility Buildings,0,0,0,0,0,520,391,694,461,0,0,0,0,520,"1,546",0,"2,066",,,,,,,,,,,,,,,,,,,,,,,,,,,,,,,,,,,,,,,,,,,,,,,,,,,,,,,,,,,,,,,,,,,,,,,,,,,,,,,,,,,,,,,,,,,,,,,,,,,,,,,,,,,,,,,,,,,,,,,,,,,,,,,,,,,,,,,,,,,,,,,,,,,,,,,,,,,,,,,,,,,
19733981-001-316,BotanyB+,0479 - BF Botany Plant Path Scre,548,747,570,56,15,0,0,0,0,0,74,242,"1,865",71,0,316,"2,252",,,,,,,,,,,,,,,,,,,,,,,,,,,,,,,,,,,,,,,,,,,,,,,,,,,,,,,,,,,,,,,,,,,,,,,,,,,,,,,,,,,,,,,,,,,,,,,,,,,,,,,,,,,,,,,,,,,,,,,,,,,,,,,,,,,,,,,,,,,,,,,,,,,,,,,,,,,,,,,,,,,
19733981-001-327,Fairplay 3,0569 - Fairplay West Lab,,217,233,204,182,209,200,245,168,169,173,198,450,595,613,540,"2,198",,,,,,,,,,,,,,,,,,,,,,,,,,,,,,,,,,,,,,,,,,,,,,,,,,,,,,,,,,,,,,,,,,,,,,,,,,,,,,,,,,,,,,,,,,,,,,,,,,,,,,,,,,,,,,,,,,,,,,,,,,,,,,,,,,,,,,,,,,,,,,,,,,,,,,,,,,,,,,,,,,,
105-393-BI,Langton,0105 - Langton Hall,90,90,100,90,90,100,90,700,390,146,27,510,280,280,"1,180",683,"2,423",,,,,,,,,,,,,,,,,,,,,,,,,,,,,,,,,,,,,,,,,,,,,,,,,,,,,,,,,,,,,,,,,,,,,,,,,,,,,,,,,,,,,,,,,,,,,,,,,,,,,,,,,,,,,,,,,,,,,,,,,,,,,,,,,,,,,,,,,,,,,,,,,,,,,,,,,,,,,,,,,,,
19733981-001-346,1204 066301 Corvallis,0466 - Lewis Brown Utility Buildings,99,79,94,72,146,160,128,216,214,185,325,91,272,378,558,601,"1,809",,,,,,,,,,,,,,,,,,,,,,,,,,,,,,,,,,,,,,,,,,,,,,,,,,,,,,,,,,,,,,,,,,,,,,,,,,,,,,,,,,,,,,,,,,,,,,,,,,,,,,,,,,,,,,,,,,,,,,,,,,,,,,,,,,,,,,,,,,,,,,,,,,,,,,,,,,,,,,,,,,,
357-419-BO,Rabbit Ctr,0357 - Rabbit Research Lab 1,231,116,113,119,131,110,150,332,25,29,244,112,460,360,507,385,"1,712",,,,,,,,,,,,,,,,,,,,,,,,,,,,,,,,,,,,,,,,,,,,,,,,,,,,,,,,,,,,,,,,,,,,,,,,,,,,,,,,,,,,,,,,,,,,,,,,,,,,,,,,,,,,,,,,,,,,,,,,,,,,,,,,,,,,,,,,,,,,,,,,,,,,,,,,,,,,,,,,,,,
053-001-E,McAlexander Field House - Rec Sports area,0053 - McAlexander Fieldhouse,132,98,117,160,130,103,119,274,168,159,132,112,347,393,561,403,"1,704",,,,,,,,,,,,,,,,,,,,,,,,,,,,,,,,,,,,,,,,,,,,,,,,,,,,,,,,,,,,,,,,,,,,,,,,,,,,,,,,,,,,,,,,,,,,,,,,,,,,,,,,,,,,,,,,,,,,,,,,,,,,,,,,,,,,,,,,,,,,,,,,,,,,,,,,,,,,,,,,,,,
135-000-SD,Motor PoolA,0135 - Motor Pool,90,80,126,122,123,117,157,308,273,69,92,93,296,363,739,254,"1,651",,,,,,,,,,,,,,,,,,,,,,,,,,,,,,,,,,,,,,,,,,,,,,,,,,,,,,,,,,,,,,,,,,,,,,,,,,,,,,,,,,,,,,,,,,,,,,,,,,,,,,,,,,,,,,,,,,,,,,,,,,,,,,,,,,,,,,,,,,,,,,,,,,,,,,,,,,,,,,,,,,,
19733981-001-342,Orchard St Pkg Lights,3322 - Orchard Court Lot,95,99,115,136,148,177,167,142,130,100,86,75,309,461,439,261,"1,470",,,,,,,,,,,,,,,,,,,,,,,,,,,,,,,,,,,,,,,,,,,,,,,,,,,,,,,,,,,,,,,,,,,,,,,,,,,,,,,,,,,,,,,,,,,,,,,,,,,,,,,,,,,,,,,,,,,,,,,,,,,,,,,,,,,,,,,,,,,,,,,,,,,,,,,,,,,,,,,,,,,
19733981-001-389,741 SW 15th St Schedule 23,0216 - 740 SW 15th Street,33,33,37,45,99,184,311,271,172,82,36,36,103,328,754,154,"1,339",,,,,,,,,,,,,,,,,,,,,,,,,,,,,,,,,,,,,,,,,,,,,,,,,,,,,,,,,,,,,,,,,,,,,,,,,,,,,,,,,,,,,,,,,,,,,,,,,,,,,,,,,,,,,,,,,,,,,,,,,,,,,,,,,,,,,,,,,,,,,,,,,,,,,,,,,,,,,,,,,,,
19733981-001-363,General-SW 35th & SW Wash,0083 - Memorial Union Building,0,0,0,0,102,136,231,231,201,0,0,0,0,238,663,0,901,,,,,,,,,,,,,,,,,,,,,,,,,,,,,,,,,,,,,,,,,,,,,,,,,,,,,,,,,,,,,,,,,,,,,,,,,,,,,,,,,,,,,,,,,,,,,,,,,,,,,,,,,,,,,,,,,,,,,,,,,,,,,,,,,,,,,,,,,,,,,,,,,,,,,,,,,,,,,,,,,,,
19733981-001-349,15th & Jeff Semaphore,4019 - 15th Street,0,0,0,0,157,173,152,152,163,0,0,0,0,330,467,0,797,,,,,,,,,,,,,,,,,,,,,,,,,,,,,,,,,,,,,,,,,,,,,,,,,,,,,,,,,,,,,,,,,,,,,,,,,,,,,,,,,,,,,,,,,,,,,,,,,,,,,,,,,,,,,,,,,,,,,,,,,,,,,,,,,,,,,,,,,,,,,,,,,,,,,,,,,,,,,,,,,,,
19733981-001-226,1410SWBrooklaneDr.PkgLotLights,0483 - SM Smith Farm Residence,41,53,58,53,52,107,65,79,51,48,35,42,152,212,195,125,684,,,,,,,,,,,,,,,,,,,,,,,,,,,,,,,,,,,,,,,,,,,,,,,,,,,,,,,,,,,,,,,,,,,,,,,,,,,,,,,,,,,,,,,,,,,,,,,,,,,,,,,,,,,,,,,,,,,,,,,,,,,,,,,,,,,,,,,,,,,,,,,,,,,,,,,,,,,,,,,,,,,
19733981-001-025,Dearborn,0011 - Dearborn Hall,0,0,160,80,80,160,80,80,0,0,0,0,160,320,160,0,640,,,,,,,,,,,,,,,,,,,,,,,,,,,,,,,,,,,,,,,,,,,,,,,,,,,,,,,,,,,,,,,,,,,,,,,,,,,,,,,,,,,,,,,,,,,,,,,,,,,,,,,,,,,,,,,,,,,,,,,,,,,,,,,,,,,,,,,,,,,,,,,,,,,,,,,,,,,,,,,,,,,
19733981-001-202,2220 NE Conifer Blvd-Fish and Wildlife Storage,0485 - Fisheries And Wildlife Office,,80,80,80,40,40,34,80,40,80,40,80,160,160,154,200,674,,,,,,,,,,,,,,,,,,,,,,,,,,,,,,,,,,,,,,,,,,,,,,,,,,,,,,,,,,,,,,,,,,,,,,,,,,,,,,,,,,,,,,,,,,,,,,,,,,,,,,,,,,,,,,,,,,,,,,,,,,,,,,,,,,,,,,,,,,,,,,,,,,,,,,,,,,,,,,,,,,,
19733981-001-343,Pltry Brdhse- 1510 BrklaneDr  Cagehse,0403 - SF Poultry Cage - Layer Hse,0,0,0,0,68,79,125,125,134,0,0,0,0,147,384,0,531,,,,,,,,,,,,,,,,,,,,,,,,,,,,,,,,,,,,,,,,,,,,,,,,,,,,,,,,,,,,,,,,,,,,,,,,,,,,,,,,,,,,,,,,,,,,,,,,,,,,,,,,,,,,,,,,,,,,,,,,,,,,,,,,,,,,,,,,,,,,,,,,,,,,,,,,,,,,,,,,,,,
19733981-001-341,Pltry Brdhse-1 1510 BrklaneDr  Coop,0403 - SF Poultry Cage - Layer Hse,0,0,0,0,0,0,44,44,31,0,0,0,0,0,119,0,119,,,,,,,,,,,,,,,,,,,,,,,,,,,,,,,,,,,,,,,,,,,,,,,,,,,,,,,,,,,,,,,,,,,,,,,,,,,,,,,,,,,,,,,,,,,,,,,,,,,,,,,,,,,,,,,,,,,,,,,,,,,,,,,,,,,,,,,,,,,,,,,,,,,,,,,,,,,,,,,,,,,
19733981-001-332,Fairplay 1,0569 - Fairplay West Lab,,29,16,10,6,7,0,4,4,8,7,9,45,23,8,24,100,,,,,,,,,,,,,,,,,,,,,,,,,,,,,,,,,,,,,,,,,,,,,,,,,,,,,,,,,,,,,,,,,,,,,,,,,,,,,,,,,,,,,,,,,,,,,,,,,,,,,,,,,,,,,,,,,,,,,,,,,,,,,,,,,,,,,,,,,,,,,,,,,,,,,,,,,,,,,,,,,,,
19733981-001-325,850 SW 35th St,0865 - Western Building,0,0,0,0,0,0,0,0,0,0,0,0,0,0,0,0,0,,,,,,,,,,,,,,,,,,,,,,,,,,,,,,,,,,,,,,,,,,,,,,,,,,,,,,,,,,,,,,,,,,,,,,,,,,,,,,,,,,,,,,,,,,,,,,,,,,,,,,,,,,,,,,,,,,,,,,,,,,,,,,,,,,,,,,,,,,,,,,,,,,,,,,,,,,,,,,,,,,,
19733981-001-365,850 SW 35th St (New Shops),0864 - Western Shops,0,0,0,0,0,0,0,0,0,0,0,0,0,0,0,0,0,,,,,,,,,,,,,,,,,,,,,,,,,,,,,,,,,,,,,,,,,,,,,,,,,,,,,,,,,,,,,,,,,,,,,,,,,,,,,,,,,,,,,,,,,,,,,,,,,,,,,,,,,,,,,,,,,,,,,,,,,,,,,,,,,,,,,,,,,,,,,,,,,,,,,,,,,,,,,,,,,,,
023-003-E,Learning Innovation Center,0023 - Learning Innovation Center,0,0,0,0,0,0,0,0,0,0,0,"6,300",0,0,0,"6,300","6,300",,,,,,,,,,,,,,,,,,,,,,,,,,,,,,,,,,,,,,,,,,,,,,,,,,,,,,,,,,,,,,,,,,,,,,,,,,,,,,,,,,,,,,,,,,,,,,,,,,,,,,,,,,,,,,,,,,,,,,,,,,,,,,,,,,,,,,,,,,,,,,,,,,,,,,,,,,,,,,,,,,,
343-680-BO,Dairy Irrg-Pump Stn,0343 - DC - Dairy Barn,0,0,0,0,0,0,0,0,0,0,0,0,0,0,0,0,0,,,,,,,,,,,,,,,,,,,,,,,,,,,,,,,,,,,,,,,,,,,,,,,,,,,,,,,,,,,,,,,,,,,,,,,,,,,,,,,,,,,,,,,,,,,,,,,,,,,,,,,,,,,,,,,,,,,,,,,,,,,,,,,,,,,,,,,,,,,,,,,,,,,,,,,,,,,,,,,,,,,
359-446-BO,Swine Ctr,0359 - Swine Center,0,0,0,0,0,0,0,0,,,,,0,0,0,0,0,,,,,,,,,,,,,,,,,,,,,,,,,,,,,,,,,,,,,,,,,,,,,,,,,,,,,,,,,,,,,,,,,,,,,,,,,,,,,,,,,,,,,,,,,,,,,,,,,,,,,,,,,,,,,,,,,,,,,,,,,,,,,,,,,,,,,,,,,,,,,,,,,,,,,,,,,,,,,,,,,,,
DBH-128-FO,Dairy House,0343 - DC - Dairy Barn,0,0,0,0,0,0,0,0,0,0,0,0,0,0,0,0,0,,,,,,,,,,,,,,,,,,,,,,,,,,,,,,,,,,,,,,,,,,,,,,,,,,,,,,,,,,,,,,,,,,,,,,,,,,,,,,,,,,,,,,,,,,,,,,,,,,,,,,,,,,,,,,,,,,,,,,,,,,,,,,,,,,,,,,,,,,,,,,,,,,,,,,,,,,,,,,,,,,,
056-343-NO,Heat Plant,0056 - Physical Plant Heating Plant,0,0,0,0,0,0,0,0,,,,,0,0,0,0,0,,,,,,,,,,,,,,,,,,,,,,,,,,,,,,,,,,,,,,,,,,,,,,,,,,,,,,,,,,,,,,,,,,,,,,,,,,,,,,,,,,,,,,,,,,,,,,,,,,,,,,,,,,,,,,,,,,,,,,,,,,,,,,,,,,,,,,,,,,,,,,,,,,,,,,,,,,,,,,,,,,,
002-913-BI,MERRYFIELD,0002 - Merryfield Hall,0,0,0,0,0,0,0,0,0,0,0,0,0,0,0,0,0,,,,,,,,,,,,,,,,,,,,,,,,,,,,,,,,,,,,,,,,,,,,,,,,,,,,,,,,,,,,,,,,,,,,,,,,,,,,,,,,,,,,,,,,,,,,,,,,,,,,,,,,,,,,,,,,,,,,,,,,,,,,,,,,,,,,,,,,,,,,,,,,,,,,,,,,,,,,,,,,,,,
006-760-NI,GRAF,0006 - Graf Hall,0,0,0,0,0,0,0,0,0,0,0,0,0,0,0,0,0,,,,,,,,,,,,,,,,,,,,,,,,,,,,,,,,,,,,,,,,,,,,,,,,,,,,,,,,,,,,,,,,,,,,,,,,,,,,,,,,,,,,,,,,,,,,,,,,,,,,,,,,,,,,,,,,,,,,,,,,,,,,,,,,,,,,,,,,,,,,,,,,,,,,,,,,,,,,,,,,,,,
012-518-NI,GILBERT Addition,0012 - Gilbert Addition,0,0,0,0,0,0,0,0,0,0,0,0,0,0,0,0,0,,,,,,,,,,,,,,,,,,,,,,,,,,,,,,,,,,,,,,,,,,,,,,,,,,,,,,,,,,,,,,,,,,,,,,,,,,,,,,,,,,,,,,,,,,,,,,,,,,,,,,,,,,,,,,,,,,,,,,,,,,,,,,,,,,,,,,,,,,,,,,,,,,,,,,,,,,,,,,,,,,,
028-939-LG,EDUCATION,0028 - Joyce Collin Furman Hall,0,0,0,0,0,0,0,0,0,0,0,0,0,0,0,0,0,,,,,,,,,,,,,,,,,,,,,,,,,,,,,,,,,,,,,,,,,,,,,,,,,,,,,,,,,,,,,,,,,,,,,,,,,,,,,,,,,,,,,,,,,,,,,,,,,,,,,,,,,,,,,,,,,,,,,,,,,,,,,,,,,,,,,,,,,,,,,,,,,,,,,,,,,,,,,,,,,,,
037-940-LG,SOCIAL SCIENCE,0037 - Gilkey Hall,0,0,0,0,0,0,0,0,0,0,0,0,0,0,0,0,0,,,,,,,,,,,,,,,,,,,,,,,,,,,,,,,,,,,,,,,,,,,,,,,,,,,,,,,,,,,,,,,,,,,,,,,,,,,,,,,,,,,,,,,,,,,,,,,,,,,,,,,,,,,,,,,,,,,,,,,,,,,,,,,,,,,,,,,,,,,,,,,,,,,,,,,,,,,,,,,,,,,
045-285-NO,PARK. SERV.,0045 - The Access Lock and Key Shop,0,0,0,0,0,0,0,0,,,,,0,0,0,0,0,,,,,,,,,,,,,,,,,,,,,,,,,,,,,,,,,,,,,,,,,,,,,,,,,,,,,,,,,,,,,,,,,,,,,,,,,,,,,,,,,,,,,,,,,,,,,,,,,,,,,,,,,,,,,,,,,,,,,,,,,,,,,,,,,,,,,,,,,,,,,,,,,,,,,,,,,,,,,,,,,,,
046-267-NO,SHOPS,0046 - Physical Plant Shops,0,0,0,0,0,0,0,0,,,,,0,0,0,0,0,,,,,,,,,,,,,,,,,,,,,,,,,,,,,,,,,,,,,,,,,,,,,,,,,,,,,,,,,,,,,,,,,,,,,,,,,,,,,,,,,,,,,,,,,,,,,,,,,,,,,,,,,,,,,,,,,,,,,,,,,,,,,,,,,,,,,,,,,,,,,,,,,,,,,,,,,,,,,,,,,,,
075-Withy,WITHYCOMBE,0075 - Withycombe Hall,0,0,0,0,0,0,0,0,0,0,0,0,0,0,0,0,0,,,,,,,,,,,,,,,,,,,,,,,,,,,,,,,,,,,,,,,,,,,,,,,,,,,,,,,,,,,,,,,,,,,,,,,,,,,,,,,,,,,,,,,,,,,,,,,,,,,,,,,,,,,,,,,,,,,,,,,,,,,,,,,,,,,,,,,,,,,,,,,,,,,,,,,,,,,,,,,,,,,
087-579-NI,FAIRBANKS,0087 - Fairbanks Hall,0,0,0,0,0,0,0,0,0,0,0,0,0,0,0,0,0,,,,,,,,,,,,,,,,,,,,,,,,,,,,,,,,,,,,,,,,,,,,,,,,,,,,,,,,,,,,,,,,,,,,,,,,,,,,,,,,,,,,,,,,,,,,,,,,,,,,,,,,,,,,,,,,,,,,,,,,,,,,,,,,,,,,,,,,,,,,,,,,,,,,,,,,,,,,,,,,,,,
036-567-GE,Valley Lib. Sprint,0036 - The Valley Library,0,0,0,0,0,0,0,,0,0,0,0,0,0,0,0,0,,,,,,,,,,,,,,,,,,,,,,,,,,,,,,,,,,,,,,,,,,,,,,,,,,,,,,,,,,,,,,,,,,,,,,,,,,,,,,,,,,,,,,,,,,,,,,,,,,,,,,,,,,,,,,,,,,,,,,,,,,,,,,,,,,,,,,,,,,,,,,,,,,,,,,,,,,,,,,,,,,,
19733981-001-360,Fairplay 5,#N/A,,0,0,0,0,0,0,0,0,0,0,0,0,0,0,0,0,,,,,,,,,,,,,,,,,,,,,,,,,,,,,,,,,,,,,,,,,,,,,,,,,,,,,,,,,,,,,,,,,,,,,,,,,,,,,,,,,,,,,,,,,,,,,,,,,,,,,,,,,,,,,,,,,,,,,,,,,,,,,,,,,,,,,,,,,,,,,,,,,,,,,,,,,,,,,,,,,,,
19733981-001-269,693 SW 26th,0206 - Beth Ray Center For Academic Support ,0,0,0,0,0,0,0,0,0,0,"-10,080","-8,640",0,0,0,"-18,720","-18,720",,,,,,,,,,,,,,,,,,,,,,,,,,,,,,,,,,,,,,,,,,,,,,,,,,,,,,,,,,,,,,,,,,,,,,,,,,,,,,,,,,,,,,,,,,,,,,,,,,,,,,,,,,,,,,,,,,,,,,,,,,,,,,,,,,,,,,,,,,,,,,,,,,,,,,,,,,,,,,,,,,,
19733981-001-146,End of Smith Ln-Salmon DL-Note E,0493 - John L. Fryer Aquatic Animal Health Laboratory,"-19,440","-5,640",-520,-520,0,"26,050","9,600","9,600","7,280","-17,320","-21,080","-29,040","-25,600","25,530","26,480","-67,440","-41,030",,,,,,,,,,,,,,,,,,,,,,,,,,,,,,,,,,,,,,,,,,,,,,,,,,,,,,,,,,,,,,,,,,,,,,,,,,,,,,,,,,,,,,,,,,,,,,,,,,,,,,,,,,,,,,,,,,,,,,,,,,,,,,,,,,,,,,,,,,,,,,,,,,,,,,,,,,,,,,,,,,,
19733981-001-180,Rail Corvallis,0238 - RAIL Animal Isolation Lab,"-37,840","-27,520","-20,480","-20,480","-1,680",0,"-12,560","-12,560","-12,560","-23,600","-30,560","36,880","-85,840","-22,160","-37,680","-17,280","-162,960",,,,,,,,,,,,,,,,,,,,,,,,,,,,,,,,,,,,,,,,,,,,,,,,,,,,,,,,,,,,,,,,,,,,,,,,,,,,,,,,,,,,,,,,,,,,,,,,,,,,,,,,,,,,,,,,,,,,,,,,,,,,,,,,,,,,,,,,,,,,,,,,,,,,,,,,,,,,,,,,,,,
19733981-001-383,OSU Facilities Building,0864 - Western Shops,"-63,520","-55,800","-35,400","-35,400","-10,240",0,"-19,680","-19,680","-22,080","-36,960","-48,360","-54,440","-154,720","-45,640","-61,440","-139,760","-401,560",,,,,,,,,,,,,,,,,,,,,,,,,,,,,,,,,,,,,,,,,,,,,,,,,,,,,,,,,,,,,,,,,,,,,,,,,,,,,,,,,,,,,,,,,,,,,,,,,,,,,,,,,,,,,,,,,,,,,,,,,,,,,,,,,,,,,,,,,,,,,,,,,,,,,,,,,,,,,,,,,,,
19733981-001-293,3547 SW Campus Way,0835 - Harris Black Cultural Center,"-172,000","-112,000","-144,000","-122,000","-49,000",0,"-35,000","-35,000","-32,000","-164,000","-174,000","-193,000","-428,000","-171,000","-102,000","-531,000","-1,232,000",,,,,,,,,,,,,,,,,,,,,,,,,,,,,,,,,,,,,,,,,,,,,,,,,,,,,,,,,,,,,,,,,,,,,,,,,,,,,,,,,,,,,,,,,,,,,,,,,,,,,,,,,,,,,,,,,,,,,,,,,,,,,,,,,,,,,,,,,,,,,,,,,,,,,,,,,,,,,,,,,,,
